exit_time,pnl
2017-01-20,-5763
2017-01-24,-9492
2017-01-25,-4035
2017-01-26,7423
2017-01-27,-5491
2017-02-01,7762
2017-02-02,-841
2017-02-03,-450
2017-02-08,-8338
2017-02-09,10393
2017-02-10,-6179
2017-02-13,-3769
2017-02-14,-6054
2017-02-15,5597
2017-02-16,307
2017-02-17,9650
2017-02-20,-7955
2017-02-24,-4272
2017-02-27,33938
2017-02-28,5081
2017-03-01,2375
2017-03-02,-6809
2017-03-03,-8205
2017-03-07,15796
2017-03-09,23342
2017-03-13,-2856
2017-03-15,4131
2017-03-17,-14707
2017-03-20,-13691
2017-03-21,-11813
2017-03-24,515
2017-03-27,1286
2017-03-28,-4665
2017-03-29,-2434
2017-03-30,-6366
2017-03-31,390
2017-04-03,236
2017-04-04,-7703
2017-04-06,-4607
2017-04-07,1074
2017-04-10,-27720
2017-04-12,-4796
2017-04-13,-12497
2017-04-14,-759
2017-04-19,-901
2017-04-20,8226
2017-04-24,-2863
2017-04-25,-2955
2017-04-26,-5754
2017-04-27,-8998
2017-04-28,-3380
2017-05-02,-1163
2017-05-03,5855
2017-05-04,-350
2017-05-05,-1250
2017-05-11,-2205
2017-05-12,-4793
2017-05-15,-19659
2017-05-16,-7308
2017-05-17,7871
2017-05-19,-1349
2017-05-22,3126
2017-05-25,-8346
2017-05-26,5091
2017-05-29,-13527
2017-05-31,-2947
2017-06-01,-8564
2017-06-02,-4763
2017-06-05,-3087
2017-06-09,-2048
2017-06-13,645
2017-06-14,-6770
2017-06-15,19051
2017-06-19,22885
2017-06-20,-8989
2017-06-21,-11257
2017-06-22,-20540
2017-06-23,-6909
2017-06-26,-3713
2017-06-27,-12639
2017-06-28,-4206
2017-06-29,-4380
2017-06-30,463
2017-07-03,11644
2017-07-04,13147
2017-07-05,13240
2017-07-06,12052
2017-07-10,-2753
2017-07-11,4960
2017-07-12,549
2017-07-13,5023
2017-07-14,14305
2017-07-17,4638
2017-07-18,3486
2017-07-19,-21024
2017-07-20,477
2017-07-21,-2769
2017-07-24,-6135
2017-07-25,-12966
2017-07-26,14940
2017-07-27,-4389
2017-07-28,-13424
2017-07-31,6506
2017-08-01,-2303
2017-08-02,-12449
2017-08-03,22662
2017-08-04,-4109
2017-08-07,-7210
2017-08-08,16590
2017-08-09,11484
2017-08-10,-6917
2017-08-11,-13428
2017-08-14,-4869
2017-08-15,-5115
2017-08-16,-4052
2017-08-17,4084
2017-08-18,-1454
2017-08-21,-5583
2017-08-22,-5955
2017-08-23,4804
2017-08-24,9269
2017-08-25,-3270
2017-08-28,1454
2017-08-29,-5249
2017-08-30,2963
2017-08-31,31603
2017-09-01,11536
2017-09-04,-12063
2017-09-05,-13623
2017-09-06,-3930
2017-09-07,11648
2017-09-08,6848
2017-09-11,1700
2017-09-12,-4758
2017-09-13,-750
2017-09-14,-2527
2017-09-15,-2213
2017-09-18,-4278
2017-09-19,-3877
2017-09-20,855
2017-09-21,9893
2017-09-22,-9756
2017-09-25,1558
2017-09-26,-5005
2017-09-27,-7114
2017-09-28,-3628
2017-09-29,6726
2017-10-02,-1189
2017-10-03,7146
2017-10-04,-12030
2017-10-05,-5086
2017-10-06,18659
2017-10-10,-9120
2017-10-11,-312
2017-10-12,-5148
2017-10-13,12619
2017-10-16,10658
2017-10-17,587
2017-10-18,3433
2017-10-19,-1960
2017-10-20,756
2017-10-23,2519
2017-10-24,-7359
2017-10-25,-11766
2017-10-26,6460
2017-10-27,6483
2017-10-30,-6548
2017-10-31,4304
2017-11-01,7963
2017-11-02,8952
2017-11-03,-1546
2017-11-07,27794
2017-11-08,15305
2017-11-09,11704
2017-11-10,-1704
2017-11-13,-3270
2017-11-14,14242
2017-11-15,-5744
2017-11-16,-6580
2017-11-17,-13189
2017-11-20,-3393
2017-11-21,-10158
2017-11-22,6576
2017-11-23,-3113
2017-11-24,-7899
2017-11-28,4537
2017-11-29,-4467
2017-11-30,12168
2017-12-01,-3932
2017-12-04,-21680
2017-12-05,13986
2017-12-06,-11041
2017-12-07,-6332
2017-12-08,6051
2017-12-11,-5881
2017-12-13,22498
2017-12-14,4586
2017-12-15,-17784
2017-12-18,-2566
2017-12-19,3989
2017-12-20,24526
2017-12-21,-11863
2017-12-22,-6231
2017-12-25,5291
2017-12-26,4791
2017-12-27,9341
2017-12-28,7483
2018-01-03,-4126
2018-01-04,-3673
2018-01-05,1772
2018-01-09,-7224
2018-01-10,-302
2018-01-11,-11413
2018-01-12,8110
2018-01-15,14666
2018-01-16,-11107
2018-01-17,-17321
2018-01-18,5061
2018-01-19,23040
2018-01-22,-9584
2018-01-23,-4847
2018-01-24,6228
2018-01-25,13370
2018-01-26,-4602
2018-01-29,-8367
2018-01-30,2267
2018-01-31,-7685
2018-02-02,1297
2018-02-05,-4903
2018-02-06,-28158
2018-02-07,4406
2018-02-08,7057
2018-02-09,4910
2018-02-12,-3764
2018-02-13,-3220
2018-02-14,-5553
2018-02-15,7984
2018-02-16,-13437
2018-02-19,-7926
2018-02-20,-5299
2018-02-21,-661
2018-02-22,-2716
2018-02-26,-405
2018-02-27,-4903
2018-02-28,-8695
2018-03-01,-20213
2018-03-02,-3648
2018-03-07,7118
2018-03-09,3108
2018-03-12,-3383
2018-03-13,5098
2018-03-14,-10978
2018-03-15,-1012
2018-03-16,-4398
2018-03-19,-5106
2018-03-21,-3641
2018-03-22,-12799
2018-03-23,-23704
2018-03-26,-15031
2018-03-27,-11393
2018-03-28,-1725
2018-03-29,-624
2018-03-30,-5163
2018-04-02,4483
2018-04-03,-2348
2018-04-04,93
2018-04-05,70
2018-04-06,-299
2018-04-09,62025
2018-04-10,24952
2018-04-11,-50703
2018-04-13,-9667
2018-04-17,-8934
2018-04-18,-32219
2018-04-19,-2472
2018-04-20,-1701
2018-04-23,-21552
2018-04-24,-11975
2018-04-25,2918
2018-04-26,7159
2018-04-27,-2007
2018-04-30,6581
2018-05-03,-10629
2018-05-04,-7162
2018-05-07,-1373
2018-05-08,-6973
2018-05-10,-5549
2018-05-11,-4481
2018-05-14,10901
2018-05-15,2841
2018-05-16,-755
2018-05-17,6270
2018-05-18,-5517
2018-05-21,-3966
2018-05-22,-1327
2018-05-23,-5255
2018-05-24,10660
2018-05-25,-3328
2018-05-28,-941
2018-05-29,-5809
2018-05-31,-3257
2018-06-01,4740
2018-06-04,-1953
2018-06-06,-11755
2018-06-07,-5417
2018-06-08,-3118
2018-06-11,13892
2018-06-13,-14734
2018-06-14,539
2018-06-15,-8240
2018-06-18,-7764
2018-06-19,-6528
2018-06-20,-4138
2018-06-21,-4364
2018-06-22,14936
2018-06-25,-121
2018-06-26,20371
2018-06-27,7484
2018-06-28,3349
2018-06-29,371
2018-07-02,-7633
2018-07-03,-1724
2018-07-04,3347
2018-07-05,-1089
2018-07-06,9588
2018-07-09,-9740
2018-07-10,12365
2018-07-11,-1349
2018-07-12,-10249
2018-07-13,-2634
2018-07-16,-8487
2018-07-17,-8889
2018-07-18,-8320
2018-07-19,2914
2018-07-20,6471
2018-07-23,310
2018-07-24,-1727
2018-07-25,4606
2018-07-26,-5402
2018-07-27,-10178
2018-07-30,4366
2018-07-31,-672
2018-08-01,22150
2018-08-02,16534
2018-08-03,-3598
2018-08-06,4194
2018-08-07,-1048
2018-08-08,11221
2018-08-09,26030
2018-08-10,-6763
2018-08-13,11556
2018-08-14,12151
2018-08-15,3941
2018-08-16,-8366
2018-08-20,-1539
2018-08-21,-13635
2018-08-22,-5054
2018-08-23,20307
2018-08-24,8613
2018-08-27,2722
2018-08-28,-4258
2018-08-29,-8410
2018-08-30,4017
2018-08-31,270
2018-09-03,2674
2018-09-04,-11422
2018-09-05,-2441
2018-09-06,9394
2018-09-07,4757
2018-09-10,8355
2018-09-11,-2991
2018-09-12,-20050
2018-09-13,-8105
2018-09-14,-88
2018-09-17,16685
2018-09-18,-1546
2018-09-19,854
2018-09-20,6556
2018-09-21,-7215
2018-09-24,-3725
2018-09-25,9690
2018-09-26,10664
2018-09-27,14669
2018-09-28,21435
2018-10-01,7556
2018-10-02,-5055
2018-10-03,5569
2018-10-04,-8577
2018-10-05,-5137
2018-10-08,-9397
2018-10-09,-7174
2018-10-10,18745
2018-10-11,-29694
2018-10-12,-9411
2018-10-15,-9313
2018-10-16,3056
2018-10-17,-18133
2018-10-18,-8074
2018-10-19,7107
2018-10-22,-4722
2018-10-23,10982
2018-10-24,-6655
2018-10-26,24497
2018-10-29,2551
2018-10-30,-6020
2018-10-31,-19063
2018-11-01,-2455
2018-11-02,-4912
2018-11-06,-3142
2018-11-07,-22063
2018-11-08,3615
2018-11-09,-13739
2018-11-12,-2925
2018-11-13,-4752
2018-11-14,-18582
2018-11-15,-1259
2018-11-16,-8446
2018-11-19,2892
2018-11-20,-7660
2018-11-21,-1964
2018-11-22,8784
2018-11-23,9011
2018-11-26,9264
2018-11-27,7500
2018-11-28,-5859
2018-11-29,-3775
2018-11-30,-11957
2018-12-03,-9426
2018-12-04,-17895
2018-12-05,-15058
2018-12-07,-10349
2018-12-10,15830
2018-12-11,-11478
2018-12-12,-4326
2018-12-13,11024
2018-12-17,9543
2018-12-18,-9135
2018-12-19,-1101
2018-12-20,-6407
2018-12-21,2489
2018-12-24,19289
2018-12-25,27546
2018-12-26,3866
2018-12-27,-2182
2018-12-28,-5782
2019-01-03,-2943
2019-01-04,-6731
2019-01-08,-10907
2019-01-09,-74
2019-01-10,-22053
2019-01-11,-7513
2019-01-14,-8320
2019-01-15,6189
2019-01-16,2363
2019-01-17,-3108
2019-01-18,13802
2019-01-21,15721
2019-01-22,-2681
2019-01-23,15239
2019-01-25,-5444
2019-01-28,10101
2019-01-29,-7863
2019-01-30,-4004
2019-01-31,8656
2019-02-01,5317
2019-02-04,2398
2019-02-05,-4367
2019-02-07,-788
2019-02-08,-1059
2019-02-11,-20490
2019-02-12,-1504
2019-02-13,691
2019-02-14,-364
2019-02-18,-6093
2019-02-19,4190
2019-02-20,-3501
2019-02-21,3837
2019-02-22,-1987
2019-02-25,5552
2019-02-26,-1171
2019-02-27,-2723
2019-02-28,7387
2019-03-01,-3140
2019-03-04,-13264
2019-03-05,5444
2019-03-06,-7730
2019-03-07,-6503
2019-03-11,7086
2019-03-12,3410
2019-03-13,-14606
2019-03-14,14539
2019-03-18,-10686
2019-03-19,-13692
2019-03-20,-10140
2019-03-21,8209
2019-03-25,-9620
2019-03-26,229
2019-03-27,-10506
2019-03-28,2759
2019-03-29,-406
2019-04-01,-9447
2019-04-02,2316
2019-04-03,2285
2019-04-04,-2773
2019-04-05,-5077
2019-04-08,17005
2019-04-09,2599
2019-04-10,-10981
2019-04-11,6184
2019-04-12,-586
2019-04-15,11386
2019-04-16,90
2019-04-17,-2813
2019-04-18,-1584
2019-04-19,-373
2019-04-22,-1911
2019-04-23,-5754
2019-04-24,-594
2019-04-25,-841
2019-04-26,-4626
2019-04-29,-3885
2019-04-30,-800
2019-05-02,529
2019-05-03,-2518
2019-05-06,152
2019-05-07,2849
2019-05-08,-6843
2019-05-10,-8471
2019-05-13,-8979
2019-05-14,21811
2019-05-15,14047
2019-05-16,-6793
2019-05-17,-9022
2019-05-20,1295
2019-05-21,3242
2019-05-22,5259
2019-05-23,5907
2019-05-24,-2309
2019-05-27,-6590
2019-05-28,4715
2019-05-30,-10085
2019-05-31,-9483
2019-06-03,23614
2019-06-04,1653
2019-06-05,3672
2019-06-06,3915
2019-06-07,25064
2019-06-10,7674
2019-06-11,4792
2019-06-13,15846
2019-06-14,16644
2019-06-17,23443
2019-06-18,-5052
2019-06-19,18292
2019-06-20,-1259
2019-06-21,6986
2019-06-24,9797
2019-06-25,-3248
2019-06-26,-6579
2019-06-27,6784
2019-06-28,7424
2019-07-01,3015
2019-07-02,6861
2019-07-03,13302
2019-07-04,6469
2019-07-05,16180
2019-07-08,-11699
2019-07-09,-3224
2019-07-10,1555
2019-07-11,-15828
2019-07-12,-2795
2019-07-15,-8012
2019-07-17,309
2019-07-18,-2084
2019-07-19,-94
2019-07-22,14458
2019-07-23,5191
2019-07-24,-924
2019-07-25,-3012
2019-07-26,-822
2019-07-29,321
2019-07-30,-4599
2019-07-31,3803
2019-08-01,11342
2019-08-02,-9704
2019-08-05,21279
2019-08-06,5135
2019-08-07,919
2019-08-09,-16219
2019-08-12,8774
2019-08-13,13690
2019-08-14,14243
2019-08-15,-5991
2019-08-16,11190
2019-08-19,-2333
2019-08-20,1830
2019-08-21,-10438
2019-08-22,555
2019-08-23,-6114
2019-08-26,8518
2019-08-27,-3186
2019-08-28,-8754
2019-08-29,-6378
2019-08-30,-7554
2019-09-02,11628
2019-09-03,4984
2019-09-04,24305
2019-09-05,-6831
2019-09-06,-24492
2019-09-09,-3128
2019-09-10,-2960
2019-09-11,-1490
2019-09-12,18679
2019-09-13,351
2019-09-16,16187
2019-09-17,-15971
2019-09-18,6167
2019-09-19,-5167
2019-09-20,-7752
2019-09-23,-9584
2019-09-24,-3205
2019-09-25,-8311
2019-09-26,-11144
2019-09-27,1923
2019-09-30,-17447
2019-10-01,-7780
2019-10-02,9249
2019-10-03,-6651
2019-10-04,-4983
2019-10-07,-6091
2019-10-08,-1283
2019-10-09,9276
2019-10-10,-7216
2019-10-11,855
2019-10-14,-2985
2019-10-15,-1972
2019-10-16,867
2019-10-17,-6430
2019-10-18,1757
2019-10-21,5819
2019-10-22,-7647
2019-10-23,17375
2019-10-24,25923
2019-10-25,15991
2019-10-28,2617
2019-10-29,-1956
2019-10-30,-10094
2019-10-31,-8478
2019-11-01,8577
2019-11-05,-3655
2019-11-06,-9258
2019-11-07,19328
2019-11-08,16337
2019-11-11,-2833
2019-11-12,12200
2019-11-13,-5767
2019-11-14,-14193
2019-11-15,-1445
2019-11-18,-226
2019-11-19,3266
2019-11-20,-6847
2019-11-21,-4331
2019-11-22,5326
2019-11-25,3938
2019-11-26,-11065
2019-11-27,-7364
2019-11-28,-121
2019-12-02,-8371
2019-12-03,4734
2019-12-04,11502
2019-12-05,-1533
2019-12-06,6181
2019-12-09,-8291
2019-12-10,2512
2019-12-11,10096
2019-12-12,-1713
2019-12-13,947
2019-12-16,4136
2019-12-17,2788
2019-12-18,3221
2019-12-19,7122
2019-12-20,-9721
2019-12-23,5671
2019-12-24,2604
2019-12-25,3886
2019-12-26,1669
2019-12-27,-1630
2019-12-30,19277
2020-01-03,2622
2020-01-06,17436
2020-01-08,-4907
2020-01-09,7686
2020-01-10,-1703
2020-01-13,934
2020-01-14,18752
2020-01-15,27848
2020-01-16,-11728
2020-01-17,14471
2020-01-20,18894
2020-01-22,-10528
2020-01-23,-16451
2020-01-24,3826
2020-01-27,-26861
2020-01-28,915
2020-01-29,-3379
2020-01-30,1220
2020-01-31,13117
2020-02-03,-952
2020-02-04,-3126
2020-02-05,-11654
2020-02-06,6542
2020-02-07,-4110
2020-02-10,3577
2020-02-11,-20663
2020-02-12,-13633
2020-02-13,5597
2020-02-14,-4116
2020-02-17,36665
2020-02-18,-8024
2020-02-19,3178
2020-02-20,-4306
2020-02-21,-2558
2020-02-25,-32851
2020-02-26,-14435
2020-02-27,32904
2020-02-28,82793
2020-03-02,-3531
2020-03-03,-8006
2020-03-04,-6806
2020-03-06,49638
2020-03-10,279324
2020-03-11,-14161
2020-03-12,131999
2020-03-13,24513
2020-03-16,80256
2020-03-17,29161
2020-03-18,84590
2020-03-19,11054
2020-03-20,-80645
2020-03-23,-7079
2020-03-24,-17290
2020-03-25,-90062
2020-03-26,-15049
2020-03-27,-7808
2020-03-30,-22870
2020-03-31,6512
2020-04-01,-7106
2020-04-02,15609
2020-04-03,-126
2020-04-06,9582
2020-04-07,-8033
2020-04-08,-5794
2020-04-09,5351
2020-04-10,359
2020-04-14,16933
2020-04-15,-4166
2020-04-16,-7193
2020-04-17,26597
2020-04-20,20907
2020-04-21,-5597
2020-04-22,-2588
2020-04-23,-8809
2020-04-24,-14538
2020-04-27,1972
2020-04-28,-13835
2020-04-29,14519
2020-04-30,-47725
2020-05-04,11991
2020-05-07,-5197
2020-05-08,4897
2020-05-12,-4973
2020-05-14,606
2020-05-15,-23238
2020-05-18,14342
2020-05-19,490
2020-05-20,5419
2020-05-21,-7637
2020-05-22,696
2020-05-25,-16596
2020-05-26,12305
2020-05-27,-1766
2020-05-28,10581
2020-05-29,273
2020-06-01,2109
2020-06-02,51765
2020-06-03,60708
2020-06-04,1294
2020-06-05,-269
2020-06-08,10165
2020-06-09,9472
2020-06-10,-17350
2020-06-11,-13374
2020-06-15,-28768
2020-06-16,4586
2020-06-17,1519
2020-06-18,14963
2020-06-19,-980
2020-06-22,-33596
2020-06-23,-5530
2020-06-25,-11459
2020-06-26,-10319
2020-06-29,12195
2020-06-30,-11344
2020-07-02,-3335
2020-07-03,-9308
2020-07-06,-10935
2020-07-07,-10998
2020-07-08,9069
2020-07-09,3346
2020-07-10,-1914
2020-07-13,10292
2020-07-14,-10675
2020-07-15,-416
2020-07-16,-3085
2020-07-17,-3800
2020-07-20,1194
2020-07-21,13721
2020-07-22,10736
2020-07-23,21649
2020-07-24,-3924
2020-07-27,21281
2020-07-28,10101
2020-07-29,18847
2020-07-30,6520
2020-08-03,-409
2020-08-04,30314
2020-08-05,16351
2020-08-06,-9541
2020-08-07,-7734
2020-08-11,8117
2020-08-12,4301
2020-08-13,18518
2020-08-14,-4416
2020-08-17,-8005
2020-08-18,-607
2020-08-19,11575
2020-08-20,-8295
2020-08-21,-10920
2020-08-24,7633
2020-08-25,2739
2020-08-26,3827
2020-08-27,-4138
2020-08-28,-19742
2020-08-31,-6213
2020-09-01,-13898
2020-09-02,-2210
2020-09-03,-2507
2020-09-04,4610
2020-09-07,-2145
2020-09-08,34166
2020-09-09,-1890
2020-09-10,-3699
2020-09-11,-1847
2020-09-14,-10381
2020-09-15,-8393
2020-09-16,-8052
2020-09-17,-8046
2020-09-18,5620
2020-09-21,18289
2020-09-22,559
2020-09-23,-673
2020-09-24,927
2020-09-25,4127
2020-09-28,11855
2020-09-29,6648
2020-09-30,510
2020-10-01,-10183
2020-10-02,10846
2020-10-05,7260
2020-10-06,-4534
2020-10-07,-6287
2020-10-08,5625
2020-10-09,-2977
2020-10-12,-1827
2020-10-13,5924
2020-10-14,-3143
2020-10-15,15250
2020-10-16,6991
2020-10-19,-3070
2020-10-20,-5838
2020-10-21,-4065
2020-10-22,11575
2020-10-23,-12343
2020-10-26,1490
2020-10-27,26662
2020-10-28,-10988
2020-10-29,-4925
2020-10-30,5891
2020-11-02,9300
2020-11-03,-16896
2020-11-05,-43487
2020-11-06,-25319
2020-11-09,14248
2020-11-10,24497
2020-11-11,707
2020-11-12,-7338
2020-11-13,-1042
2020-11-16,38527
2020-11-17,4238
2020-11-18,9695
2020-11-19,11177
2020-11-23,24863
2020-11-24,17961
2020-11-25,25209
2020-11-26,9677
2020-11-27,3913
2020-11-30,5086
2020-12-01,12561
2020-12-02,20544
2020-12-03,5660
2020-12-04,4135
2020-12-07,-254
2020-12-08,8018
2020-12-09,-2290
2020-12-10,1008
2020-12-11,7437
2020-12-14,4284
2020-12-15,10190
2020-12-16,-1820
2020-12-17,-6758
2020-12-18,-15651
2020-12-21,-33458
2020-12-22,-9971
2020-12-23,-1225
2020-12-24,8371
2020-12-28,-4559
2020-12-29,3732
2020-12-30,-6169
2021-01-04,9185
2021-01-05,-12578
2021-01-06,-2843
2021-01-08,49604
2021-01-11,19349
2021-01-12,4264
2021-01-13,19009
2021-01-14,26351
2021-01-15,3447
2021-01-18,-20353
2021-01-19,1788
2021-01-20,-16992
2021-01-21,-15474
2021-01-22,-27045
2021-01-25,-7173
2021-01-26,-3964
2021-01-27,-7324
2021-01-28,-1446
2021-01-29,-6004
2021-02-01,-10025
2021-02-02,4387
2021-02-04,3224
2021-02-05,-2483
2021-02-08,-7481
2021-02-09,8945
2021-02-11,-5063
2021-02-12,-393
2021-02-16,-3191
2021-02-17,17269
2021-02-18,-5191
2021-02-19,-9373
2021-02-24,2593
2021-02-25,-3412
2021-02-26,-3246
2021-03-02,2693
2021-03-03,16806
2021-03-04,-1009
2021-03-05,14998
2021-03-09,10001
2021-03-10,-9631
2021-03-11,10576
2021-03-12,882
2021-03-15,16041
2021-03-16,5379
2021-03-18,-14776
2021-03-19,-30464
2021-03-22,7298
2021-03-23,-17074
2021-03-24,2999
2021-03-25,-4168
2021-03-26,4275
2021-03-29,-13059
2021-03-30,-3053
2021-03-31,24126
2021-04-01,-3865
2021-04-02,-39
2021-04-05,1607
2021-04-06,5357
2021-04-07,-8469
2021-04-08,-6598
2021-04-09,-1478
2021-04-12,-4535
2021-04-13,-11102
2021-04-14,5992
2021-04-15,17886
2021-04-16,12972
2021-04-19,727
2021-04-20,-9104
2021-04-21,930
2021-04-22,7346
2021-04-23,9915
2021-04-26,8215
2021-04-27,-19419
2021-04-28,-3797
2021-04-29,-6557
2021-04-30,-17480
2021-05-04,-293
2021-05-05,-7533
2021-05-06,-2030
2021-05-07,2150
2021-05-10,-2476
2021-05-11,-594
2021-05-12,-6374
2021-05-13,8265
2021-05-14,4525
2021-05-17,6085
2021-05-18,6089
2021-05-19,-3613
2021-05-20,-1416
2021-05-24,-1080
2021-05-25,-8919
2021-05-26,-4245
2021-05-27,-11737
2021-05-28,-3474
2021-05-31,-7399
2021-06-01,-7514
2021-06-02,20005
2021-06-03,954
2021-06-04,2996
2021-06-07,7188
2021-06-08,2273
2021-06-09,1368
2021-06-10,-1347
2021-06-11,-1678
2021-06-14,3284
2021-06-15,-4943
2021-06-16,12111
2021-06-17,-407
2021-06-18,-1319
2021-06-21,1542
2021-06-22,-5476
2021-06-23,-9792
2021-06-24,6532
2021-06-25,-1442
2021-06-28,4939
2021-06-29,7143
2021-06-30,-6081
2021-07-01,28818
2021-07-02,9283
2021-07-05,6894
2021-07-06,10422
2021-07-07,-5319
2021-07-08,-10626
2021-07-09,-10318
2021-07-12,-9770
2021-07-13,-4616
2021-07-14,-10677
2021-07-15,-12401
2021-07-16,835
2021-07-19,39595
2021-07-20,-624
2021-07-21,9283
2021-07-23,-6547
2021-07-26,-4350
2021-07-27,1878
2021-07-28,-569
2021-07-29,-4427
2021-07-30,-548
2021-08-03,-3453
2021-08-04,3533
2021-08-05,11598
2021-08-06,-4335
2021-08-09,15980
2021-08-10,-9711
2021-08-11,-4191
2021-08-12,-3478
2021-08-13,-3313
2021-08-16,1179
2021-08-17,11332
2021-08-18,-2487
2021-08-19,-4145
2021-08-20,1106
2021-08-23,6899
2021-08-24,-2166
2021-08-25,4124
2021-08-26,-2109
2021-08-27,-262
2021-08-30,1089
2021-08-31,24016
2021-09-01,2583
2021-09-02,-6939
2021-09-03,1131
2021-09-06,32459
2021-09-07,1153
2021-09-08,13603
2021-09-09,-1746
2021-09-10,3629
2021-09-13,-4287
2021-09-14,2559
2021-09-15,-1490
2021-09-16,-900
2021-09-17,3875
2021-09-20,10881
2021-09-21,-8605
2021-09-22,5713
2021-09-23,-8526
2021-09-24,-1562
2021-09-27,683
2021-09-28,6465
2021-09-29,2247
2021-09-30,5661
2021-10-01,-9759
2021-10-04,18585
2021-10-05,44878
2021-10-06,5947
2021-10-07,-15145
2021-10-08,-1237
2021-10-11,7028
2021-10-12,-11837
2021-10-13,-4883
2021-10-14,17732
2021-10-15,-10200
2021-10-18,-21305
2021-10-19,13079
2021-10-20,6866
2021-10-21,-7448
2021-10-22,-3723
2021-10-25,-2127
2021-10-26,-17131
2021-10-27,438
2021-10-28,1158
2021-10-29,3714
2021-11-01,-11571
2021-11-02,8514
2021-11-03,6691
2021-11-05,22870
2021-11-08,-1830
2021-11-09,-16655
2021-11-10,7330
2021-11-11,21189
2021-11-12,11418
2021-11-15,10806
2021-11-16,-5771
2021-11-17,-6682
2021-11-18,-1564
2021-11-19,9965
2021-11-22,17310
2021-11-23,19892
2021-11-24,-46118
2021-11-25,-4049
2021-11-26,43432
2021-11-29,5026
2021-11-30,18186
2021-12-01,-3487
2021-12-02,-11890
2021-12-03,-16489
2021-12-06,7012
2021-12-07,-16275
2021-12-08,-1183
2021-12-09,-2403
2021-12-10,-17557
2021-12-13,10051
2021-12-14,88968
2021-12-15,-17495
2021-12-16,-16869
2021-12-17,-37019
2021-12-20,-7935
2021-12-21,-31266
2021-12-22,-8881
2021-12-23,2171
2021-12-24,-3116
2021-12-27,-4676
2021-12-28,7196
2021-12-29,-8208
2021-12-30,-2154
2022-01-03,-10902
2022-01-04,-8197
2022-01-05,-5589
2022-01-06,-7235
2022-01-10,302
2022-01-11,2041
2022-01-12,5743
2022-01-13,-1664
2022-01-14,26819
2022-01-17,-9412
2022-01-18,88446
2022-01-19,40392
2022-01-20,-45558
2022-01-21,-3929
2022-01-24,63493
2022-01-25,10975
2022-01-26,2128
2022-01-27,-10467
2022-01-28,10969
2022-01-31,-42549
2022-02-01,-24325
2022-02-02,-8019
2022-02-03,25938
2022-02-04,-21865
2022-02-07,-11911
2022-02-08,-8482
2022-02-09,-26985
2022-02-10,-14795
2022-02-11,-3602
2022-02-14,-4434
2022-02-15,12108
2022-02-16,-21528
2022-02-17,1601
2022-02-18,-20261
2022-02-21,235987
2022-02-22,71107
2022-02-24,445489
2022-02-25,11643
2022-03-24,-121937
2022-03-28,-36081
2022-03-29,-15572
2022-03-30,-13886
2022-03-31,-50752
2022-04-01,-65648
2022-04-04,-7040
2022-04-05,-12918
2022-04-06,2322
2022-04-07,-3677
2022-04-08,1724
2022-04-11,-5749
2022-04-12,1323
2022-04-13,-2077
2022-04-14,-1185
2022-04-15,-7342
2022-04-19,10792
2022-04-20,2120
2022-04-21,10670
2022-04-22,59670
2022-04-25,1189
2022-04-26,-8290
2022-04-27,21029
2022-04-28,12480
2022-04-29,8246
2022-05-04,12803
2022-05-05,-18609
2022-05-06,-242
2022-05-11,-21029
2022-05-12,15159
2022-05-13,-11934
2022-05-16,-2362
2022-05-17,-11518
2022-05-18,-35008
2022-05-19,-3347
2022-05-20,-14045
2022-05-23,-2994
2022-05-24,-13605
2022-05-25,-17823
2022-05-26,28951
2022-05-27,3365
2022-05-30,4254
2022-05-31,11036
2022-06-01,-2757
2022-06-02,22135
2022-06-03,-2029
2022-06-06,-7800
2022-06-07,27738
2022-06-09,-20808
2022-06-10,1252
2022-06-14,1820
2022-06-15,19498
2022-06-16,-17090
2022-06-17,-5815
2022-06-20,2329
2022-06-21,4456
2022-06-22,8012
2022-06-23,48717
2022-06-24,12098
2022-06-27,15462
2022-06-28,19810
2022-06-29,4599
2022-06-30,-63086
2022-07-01,-31583
2022-07-04,-8324
2022-07-05,1483
2022-07-06,2261
2022-07-07,6166
2022-07-08,10537
2022-07-11,8660
2022-07-12,-12885
2022-07-13,28465
2022-07-14,-6565
2022-07-15,-8729
2022-07-18,-5332
2022-07-19,39410
2022-07-20,-1182
2022-07-21,31342
2022-07-22,13985
2022-07-25,-1675
2022-07-26,-4342
2022-07-27,-24028
2022-07-28,-7219
2022-07-29,-5092
2022-08-01,-18066
2022-08-02,4109
2022-08-03,-36638
2022-08-04,-6597
2022-08-05,-14520
2022-08-08,-4900
2022-08-09,11512
2022-08-10,-26109
2022-08-11,17466
2022-08-12,6202
2022-08-15,-19267
2022-08-16,17829
2022-08-17,8818
2022-08-18,-1645
2022-08-19,12993
2022-08-22,5644
2022-08-24,9348
2022-08-25,-4954
2022-08-26,-15691
2022-08-29,-10993
2022-08-30,4626
2022-08-31,47749
2022-09-01,16169
2022-09-02,26970
2022-09-05,19571
2022-09-06,58
2022-09-07,-9315
2022-09-08,5575
2022-09-09,-18040
2022-09-12,-4101
2022-09-13,4573
2022-09-15,-2814
2022-09-16,-5611
2022-09-19,2215
2022-09-20,-57362
2022-09-21,126650
2022-09-22,-89853
2022-09-23,8249
2022-09-26,361760
2022-09-27,14376
2022-09-30,22794
2022-10-03,-31471
2022-10-04,-99154
2022-10-05,-41649
2022-10-10,-1900
2022-10-11,-34705
2022-10-12,-15880
2022-10-13,-1609
2022-10-14,-17587
2022-10-17,-10433
2022-10-19,-2268
2022-10-20,22815
2022-10-21,-9769
2022-10-24,-8372
2022-10-25,1673
2022-10-26,21104
2022-10-27,56345
2022-10-28,30143
2022-11-01,10057
2022-11-03,19050
2022-11-07,21709
2022-11-08,41598
2022-11-09,-696
2022-11-10,32859
2022-11-11,6654
2022-11-14,25778
2022-11-15,-13526
2022-11-16,716
2022-11-17,-1111
2022-11-18,5142
2022-11-21,-4659
2022-11-22,-19884
2022-11-23,-625
2022-11-24,6896
2022-11-25,10698
2022-11-28,2989
2022-11-29,-709
2022-11-30,5136
2022-12-01,19568
2022-12-02,13214
2022-12-05,7803
2022-12-06,-14498
2022-12-07,-285
2022-12-08,807
2022-12-09,-7332
2022-12-13,-2519
2022-12-14,-152
2022-12-15,-17022
2022-12-16,-6917
2022-12-19,35362
2022-12-20,13331
2022-12-21,13093
2022-12-22,7305
2022-12-23,15797
2022-12-26,-4651
2022-12-27,1108
2022-12-29,402
2022-12-30,-2297
2023-01-03,-4680
2023-01-05,-27863
2023-01-09,4883
2023-01-10,-162
2023-01-11,38507
2023-01-12,-1922
2023-01-13,-8350
2023-01-16,7079
2023-01-17,-3402
2023-01-18,-5307
2023-01-19,-5710
2023-01-20,-6982
2023-01-23,-931
2023-01-24,34720
2023-01-25,-4102
2023-01-26,9334
2023-01-27,13281
2023-01-30,10228
2023-01-31,27908
2023-02-01,20476
2023-02-02,-4057
2023-02-03,1034
2023-02-06,15799
2023-02-07,-837
2023-02-08,21505
2023-02-10,3519
2023-02-13,8649
2023-02-14,-11720
2023-02-15,-57682
2023-02-16,-1409
2023-02-21,-12709
2023-02-22,-8518
2023-02-24,-1242
2023-02-27,-16414
2023-02-28,-14009
2023-03-01,-14181
2023-03-02,2692
2023-03-03,-1296
2023-03-06,14399
2023-03-10,8315
2023-03-13,15175
2023-03-14,16979
2023-03-15,8330
2023-03-16,-11574
2023-03-17,20915
2023-03-20,12051
2023-03-21,6527
2023-03-22,6050
2023-03-23,-6983
2023-03-24,17884
2023-03-27,38366
2023-03-28,-3627
2023-03-29,11789
2023-03-30,14839
2023-03-31,-5789
2023-04-03,25263
2023-04-04,42202
2023-04-05,22080
2023-04-06,3625
2023-04-07,4019
2023-04-10,13551
2023-04-11,29475
2023-04-12,472
2023-04-13,13808
2023-04-14,4653
2023-04-17,24878
2023-04-18,-2246
2023-04-19,13019
2023-04-20,-4314
2023-04-21,-7716
2023-04-24,9794
2023-04-25,18370
2023-04-26,2592
2023-04-27,3146
2023-04-28,217
2023-05-02,-6004
2023-05-03,-39782
2023-05-04,9854
2023-05-05,-15017
2023-05-08,376
2023-05-10,-26357
2023-05-11,-1098
2023-05-12,-5957
2023-05-15,-5115
2023-05-16,-41869
2023-05-17,-6911
2023-05-18,-706
2023-05-19,-7710
2023-05-22,-7097
2023-05-23,10524
2023-05-24,-12467
2023-05-25,7765
2023-05-26,15756
2023-05-29,2732
2023-05-30,4206
2023-05-31,-4775
2023-06-01,-22419
2023-06-02,10588
2023-06-05,-2745
2023-06-06,-22223
2023-06-07,-6016
2023-06-08,4125
2023-06-09,19508
2023-06-13,-2163
2023-06-14,4730
2023-06-15,30959
2023-06-16,4749
2023-06-19,47988
2023-06-20,15982
2023-06-21,12521
2023-06-22,-3111
2023-06-23,-26772
2023-06-26,-39686
2023-06-27,-2793
2023-06-28,-5325
2023-06-30,-5255
2023-07-03,7907
2023-07-04,-2450
2023-07-05,-15379
2023-07-06,-333
2023-07-07,4758
2023-07-10,270
2023-07-11,-14307
2023-07-12,21474
2023-07-13,5785
2023-07-14,1520
2023-07-17,17676
2023-07-18,22706
2023-07-19,22845
2023-07-21,-14454
2023-07-24,4836
2023-07-25,193
2023-07-26,33480
2023-07-27,17494
2023-07-28,20982
2023-07-31,32363
2023-08-01,28666
2023-08-02,18608
2023-08-03,20407
2023-08-04,-8279
2023-08-07,-3039
2023-08-08,-18884
2023-08-09,10905
2023-08-10,8707
2023-08-11,18740
2023-08-14,8732
2023-08-15,-32125
2023-08-16,-19283
2023-08-17,12966
2023-08-18,8706
2023-08-21,-10641
2023-08-22,-22783
2023-08-23,-12060
2023-08-24,-7572
2023-08-25,-849
2023-08-28,-5574
2023-08-29,-3222
2023-08-30,6387
2023-08-31,17554
2023-09-01,1720
2023-09-04,2315
2023-09-05,6499
2023-09-06,5338
2023-09-07,-40617
2023-09-08,-33682
2023-09-11,-14070
2023-09-12,-4658
2023-09-13,8134
2023-09-14,-1384
2023-09-15,-6758
2023-09-18,18643
2023-09-19,5901
2023-09-20,757
2023-09-21,-3092
2023-09-22,16693
2023-09-25,-13143
2023-09-27,-672
2023-09-28,-3970
2023-09-29,4546
2023-10-02,-4604
2023-10-03,-4913
2023-10-04,814
2023-10-05,-4466
2023-10-06,-2061
2023-10-09,26313
2023-10-10,-7279
2023-10-11,-1144
2023-10-12,8379
2023-10-13,-2284
2023-10-16,1184
2023-10-17,6536
2023-10-18,3427
2023-10-19,-7610
2023-10-20,9060
2023-10-23,5495
2023-10-24,-2849
2023-10-25,12973
2023-10-26,-479
2023-10-27,-22312
2023-10-30,-1621
2023-10-31,-18425
2023-11-01,-5042
2023-11-02,12790
2023-11-07,-7073
2023-11-08,-4616
2023-11-09,2905
2023-11-10,-1482
2023-11-13,20256
2023-11-14,-5950
2023-11-15,-10928
2023-11-16,-9179
2023-11-17,-9609
2023-11-20,3199
2023-11-21,-4693
2023-11-22,13838
2023-11-23,-328
2023-11-24,-3171
2023-11-27,33137
2023-11-28,5248
2023-11-29,-5149
2023-11-30,9717
2023-12-01,1066
2023-12-04,40245
2023-12-05,7617
2023-12-06,15562
2023-12-07,10055
2023-12-08,-213
2023-12-11,-12643
2023-12-12,27666
2023-12-13,-919
2023-12-14,7437
2023-12-15,15674
2023-12-18,-32480
2023-12-19,-32418
2023-12-20,-11717
2023-12-21,-6111
2023-12-22,-2149
2023-12-25,-4207
2023-12-26,11711
2023-12-27,-12479
2023-12-28,-3394
2023-12-29,3589
2024-01-03,-5382
2024-01-04,8249
2024-01-05,-4812
2024-01-08,11993
2024-01-09,-9044
2024-01-11,30642
2024-01-12,15759
2024-01-15,-1505
2024-01-16,-3000
2024-01-17,6963
2024-01-18,1552
2024-01-19,581
2024-01-22,-8758
2024-01-23,-2034
2024-01-24,-5697
2024-01-25,3445
2024-01-26,-452
2024-01-29,3792
2024-01-30,7731
2024-01-31,723
2024-02-01,751
2024-02-02,4713
2024-02-05,20734
2024-02-06,276
2024-02-07,2003
2024-02-08,-11020
2024-02-09,-846
2024-02-12,4997
2024-02-13,1639
2024-02-14,-6720
2024-02-15,-10602
2024-02-16,10846
2024-02-19,8428
2024-02-20,-28530
2024-02-21,-14224
2024-02-22,10403
2024-02-26,-19394
2024-02-27,-4350
2024-02-28,14286
2024-02-29,-19286
2024-03-01,-2694
2024-03-04,7286
2024-03-05,-3896
2024-03-06,1734
2024-03-07,18575
2024-03-11,-2050
2024-03-12,-4477
2024-03-13,-3031
2024-03-15,-6785
2024-03-18,1640
2024-03-19,-1569
2024-03-20,-6326
2024-03-21,15030
2024-03-22,-6952
2024-03-25,-7754
2024-03-26,-1329
2024-03-27,16587
2024-03-28,19931
2024-03-29,-78
2024-04-01,15482
2024-04-02,-7617
2024-04-03,14515
2024-04-04,-8310
2024-04-05,-2915
2024-04-08,6681
2024-04-09,6982
2024-04-10,-3503
2024-04-11,2193
2024-04-12,14763
2024-04-15,7012
2024-04-16,12388
2024-04-17,-246
2024-04-18,-12625
2024-04-19,4418
2024-04-22,820
2024-04-23,1445
2024-04-24,-14674
2024-04-25,-3719
2024-04-26,2775
2024-04-29,7019
2024-04-30,4142
2024-05-02,-3633
2024-05-03,89
2024-05-06,-15371
2024-05-07,-5593
2024-05-08,-9919
2024-05-10,8620
2024-05-13,7378
2024-05-14,-3442
2024-05-15,-9806
2024-05-16,-3612
2024-05-17,16381
2024-05-20,15119
2024-05-21,2722
2024-05-22,3245
2024-05-23,-2538
2024-05-24,11467
2024-05-27,-9763
2024-05-28,9282
2024-05-29,12356
2024-05-30,50657
2024-05-31,46966
2024-06-03,59720
2024-06-05,-8086
2024-06-06,-7322
2024-06-07,-24865
2024-06-10,-17942
2024-06-13,18079
2024-06-14,-416
2024-06-17,-6903
2024-06-18,10448
2024-06-19,-23161
2024-06-20,-7935
2024-06-21,9642
2024-06-24,-2982
2024-06-25,18759
2024-06-26,-22196
2024-06-27,-1805
2024-06-28,1979
2024-07-01,-7997
2024-07-02,-13558
2024-07-03,5504
2024-07-04,-20154
2024-07-05,-24787
2024-07-08,-10424
2024-07-09,-23393
2024-07-10,22522
2024-07-11,2407
2024-07-12,-16549
2024-07-15,15185
2024-07-16,12541
2024-07-17,-14205
2024-07-18,24183
2024-07-19,-16264
2024-07-22,-1292
2024-07-23,-15061
2024-07-24,-24031
2024-07-25,-19590
2024-07-26,5632
2024-07-29,-8406
2024-07-30,-33262
2024-07-31,-4380
2024-08-01,5177
2024-08-02,-17644
2024-08-05,-6131
2024-08-06,-6977
2024-08-07,2897
2024-08-08,6670
2024-08-09,1749
2024-08-12,-2596
2024-08-13,-10450
2024-08-14,-11006
2024-08-16,4005
2024-08-19,19796
2024-08-20,-3856
2024-08-21,31351
2024-08-22,67518
2024-08-23,40452
2024-08-26,-13581
2024-08-27,9256
2024-08-28,-4504
2024-08-29,72725
2024-08-30,10252
2024-09-02,179419
2024-09-03,15290
2024-09-04,-16461
2024-09-05,-58570
2024-09-09,-83883
2024-09-10,-16669
2024-09-11,-16658
2024-09-12,-8604
2024-09-13,-10522
2024-09-16,-19299
2024-09-17,-22790
2024-09-18,-14103
2024-09-19,9545
2024-09-20,-12128
2024-09-23,-25224
2024-09-24,7972
2024-09-25,-15029
2024-09-26,3119
2024-09-27,2971
2024-09-30,4711
2024-10-01,-12366
2024-10-02,4603
2024-10-03,-14071
2024-10-04,2609
2024-10-07,-12170
2024-10-08,-5203
2024-10-09,-2507
2024-10-10,-3629
2024-10-11,-207
2024-10-14,-14237
2024-10-15,-10125
2024-10-16,-4794
2024-10-17,5983
2024-10-18,-14562
2024-10-21,12189
2024-10-22,-1013
2024-10-23,-9711
2024-10-24,-3760
2024-10-25,70776
2024-10-28,113376
2024-10-29,19159
2024-10-30,20481
2024-10-31,40208
2024-11-01,8705
2024-11-05,-14211
2024-11-06,-56503
2024-11-07,-759
2024-11-08,-37874
2024-11-11,-34869
2024-11-12,-1547
2024-11-13,-1668
2024-11-14,-21546
2024-11-15,7483
2024-11-18,-3145
2024-11-19,-7757
2024-11-20,-14628
2024-11-21,5854
2024-11-22,7683
2024-11-25,71985
2024-11-26,67225
2024-11-27,80644
2024-11-28,-2944
2024-11-29,-7649
2024-12-02,-20569
2024-12-03,4539
2024-12-04,-3202
2024-12-05,-14753
2024-12-06,7661
2024-12-09,-16295
2024-12-10,1229
2024-12-12,-1660
2024-12-13,-25337
2024-12-16,-8150
2024-12-17,25896
2024-12-20,-110036
2024-12-23,-63675
2024-12-24,-1464
2024-12-25,-12252
2024-12-26,2234
2024-12-30,59284
2025-01-03,16274
2025-01-06,-2456
2025-01-09,-30201
2025-01-10,-7848
2025-01-13,25755
2025-01-14,9247
2025-01-16,31631
2025-01-17,55455
2025-01-20,76303
2025-01-21,7412
2025-01-22,25204
2025-01-23,-8295
2025-01-24,-5005
2025-01-27,-4030
2025-01-28,-18204
2025-01-29,14153
2025-01-31,7456
2025-02-03,-16739
2025-02-04,-3485
2025-02-05,13401
2025-02-07,-7093
2025-02-10,2967
2025-02-11,6855
2025-02-12,73552
2025-02-13,56535
2025-02-14,26470
2025-02-17,12969
2025-02-19,-10724
2025-02-21,7709
2025-02-24,14467
2025-02-25,16029
2025-02-26,37720
2025-02-27,-29450
2025-02-28,-34939
2025-03-04,5714
2025-03-05,-7387
2025-03-06,-9395
2025-03-07,-5738
2025-03-10,-825
2025-03-11,-1027
2025-03-12,-8842
2025-03-13,-37450
2025-03-14,-4236
2025-03-17,20970
2025-03-18,-4715
2025-03-19,-3888
2025-03-20,-5569
2025-03-21,-915
2025-03-24,14258
2025-03-25,-12303
2025-03-26,3846
2025-03-27,-9894
2025-03-28,38834
2025-03-31,109768
2025-04-01,10995
2025-04-02,12292
2025-04-03,45034
2025-04-04,78595
2025-04-07,234105
2025-04-08,19720
2025-04-09,12330
2025-04-10,-1347
2025-04-11,-19849
2025-04-14,-46172
2025-04-16,-7830
2025-04-17,-5049
2025-04-18,-3836
2025-04-21,-23095
2025-04-22,-84945
2025-04-23,-24391
2025-04-24,-8088
2025-04-25,-18664
2025-04-28,-41082
2025-04-29,10773
2025-04-30,10825
2025-05-02,-31893
2025-05-05,-28504
2025-05-06,-1473
2025-05-07,12845
2025-05-08,36572
2025-05-13,-2402
2025-05-14,-3866
2025-05-15,-3737
2025-05-16,-4291
2025-05-19,3289
2025-05-20,-3092
2025-05-21,-6930
2025-05-22,-675
2025-05-23,5185
2025-05-26,40694
2025-05-27,-13005
2025-05-28,-19499
2025-05-29,-4456
2025-06-02,-226
2025-06-03,-42284
2025-06-04,-5808
2025-06-05,7671
2025-06-06,25677
2025-06-09,-18924
2025-06-10,-17572
2025-06-11,-5461
2025-06-13,-2463
2025-06-16,-7133
2025-06-17,-7395
2025-06-18,-16585
2025-06-19,-15648
2025-06-20,-8453
2025-06-23,-14670
2025-06-24,920
2025-06-25,-24680
2025-06-26,-9040
2025-06-27,2552
2025-06-30,-16443
2025-07-01,8123
2025-07-02,-4418
2025-07-03,19337
2025-07-04,6859
2025-07-07,-12401
2025-07-08,-13827
2025-07-09,3838
2025-07-10,20050
2025-07-11,95528
2025-07-14,5377
2025-07-15,-10701
2025-07-16,-11456
2025-07-17,-40716
2025-07-18,-14231
2025-07-21,-57670
2025-07-22,-13307
2025-07-23,8213
2025-07-25,-4391
2025-07-28,-6329
2025-07-29,-12059
2025-07-30,-13547
2025-07-31,-935
2025-08-01,209
2025-08-04,3119
2025-08-05,-4297
2025-08-06,-4040
2025-08-07,-11286
2025-08-08,15992
2025-08-11,62177
2025-08-12,48104
2025-08-13,18199
2025-08-14,-7142
2025-08-15,1724
2025-08-18,-13368
2025-08-20,-4182
2025-08-21,-33433
2025-08-22,2066
2025-08-26,-10412
2025-08-27,-6477
2025-08-28,3956
2025-08-29,-6295
2025-09-01,344
2025-09-02,-15185
2025-09-04,-6242
2025-09-05,-7184
2025-09-08,458
2025-09-09,-10772
2025-09-10,305
2025-09-11,-1036
2025-09-12,-23663
2025-09-15,-1994
2025-09-16,-6689
2025-09-17,14135
2025-09-18,19493
2025-09-19,20239
2025-09-22,32874
2025-09-23,24462
2025-09-24,26107
2025-09-26,8171
2025-09-29,35455
2025-09-30,27518
2025-10-01,2831
2025-10-02,40470
2025-10-03,28941
2025-10-06,-1729
2025-10-07,7736
2025-10-08,12793
2025-10-09,65268
2025-10-10,-10065
2025-10-13,12539
2025-10-14,34683
2025-10-15,9149
2025-10-16,-50475
2025-10-17,-25553
2025-10-20,-32786
2025-10-21,-10604
2025-10-22,-24501
2025-10-23,-20753
2025-10-24,-572
2025-10-27,23401
2025-10-28,-8182
2025-10-29,-2082
2025-10-30,526
2025-10-31,-5054
2025-11-03,-417
2025-11-05,-17826
2025-11-06,-765
2025-11-07,551
2025-11-10,-3015
2025-11-11,3393
2025-11-12,2577
2025-11-13,-5627
2025-11-14,-3036
2025-11-17,-14977
2025-11-18,-21824
2025-11-19,-63676
2025-11-20,-21493
2025-11-21,-21426
2025-11-24,15414
2025-11-25,-7752
2025-11-26,-1748
2025-11-27,-12450
2025-11-28,-7278
2025-12-01,-12502
2025-12-02,-5157
2025-12-03,-1186
2025-12-04,6884
2025-12-05,3636
2025-12-08,-7275
2025-12-10,8380
2025-12-11,7965
2025-12-12,13422
2025-12-15,-6577
2025-12-16,10453
2025-12-17,31970
2025-12-18,13208
2025-12-19,13515
2025-12-22,18407
2025-12-23,466
2025-12-24,-18335
2025-12-25,-670
2025-12-26,16312
2025-12-29,-4128
2025-12-30,-3070
2026-01-05,5656
2026-01-06,5700
2026-01-08,-2790
2026-01-09,-10097
2026-01-12,3324
2026-01-13,-12324
2026-01-14,-5445
2026-01-15,9480
2026-01-16,971
2026-01-19,-8529
2026-01-20,14893
2026-01-21,-2100
2026-01-22,5229
2026-01-23,-5614
2026-01-26,17851
2026-01-27,7090
2026-01-28,-365
2026-01-29,34187
2026-01-30,-8282
2026-02-02,-1555
2026-02-03,7688
2026-02-04,-20582
2026-02-05,-12758
2026-02-06,-5082
2026-02-09,-1599
2026-02-10,-12889
2026-02-11,-2321
2026-02-13,1165
2026-02-16,-10176
2026-02-17,8400
2026-02-19,-979
2026-02-20,5150
2026-02-24,1432
2026-02-25,-4665
2026-02-27,1598
2026-03-02,-14810
2026-03-03,-20344
2026-03-04,-4891
2026-03-05,-743
2026-03-06,16994
2026-03-09,47013
2026-03-10,-8620
2026-03-11,-5248
2026-03-12,-3056
2026-03-13,-1075
2026-03-16,-4531
2026-03-17,-2537
2026-03-18,-1668
2026-03-19,-722
2026-03-20,-580
2026-03-23,51731
2026-03-24,11935
2026-03-25,8889
2026-03-26,16912
2026-03-27,24214
2026-03-30,11517
2026-03-31,-6774
2026-04-01,-9889
2026-04-03,18982
2026-04-06,4632
2026-04-07,16011
2026-04-08,-7028
2026-04-10,9521
2026-04-13,28139
2026-04-14,-58292
2026-04-15,-4976
2026-04-16,2804
2026-04-17,16442
2026-04-20,7534
2026-04-21,-2339
2026-04-22,-19450
2026-04-23,-4975
2026-04-24,1976
2026-04-27,14051
2026-04-28,23708
2026-04-29,34501
2026-04-30,7936
2026-05-04,25203
2026-05-05,5986
2026-05-06,508
2026-05-07,-13580
2026-05-08,16725
2026-05-11,-7886
2026-05-12,-10879
2026-05-13,-4471
2026-05-14,-13309
2026-05-15,-6196
2026-05-18,-1868
2026-05-19,-2734
2026-05-20,-3731
2026-05-21,26712
2026-05-22,16707
2026-05-25,42494
2026-05-26,22460
2026-05-27,20504
2026-05-28,11636
2026-05-29,20028
2026-06-01,1121
2026-06-02,6415
2026-06-03,5673
2026-06-04,5776
2026-06-05,7073
2026-06-08,30355
2026-06-09,33054
2026-06-10,17258
2026-06-11,7702
2026-06-12,-3219
2026-06-15,-18451
2026-06-16,15628
2026-06-17,-5480
2026-06-18,5958
2026-06-19,21718
2026-06-22,212403
2026-06-23,9461
2026-06-24,12951
2026-06-25,79205
2026-06-26,29848
2026-06-29,-20948
2026-06-30,-14239
2026-07-01,-9973
2026-07-02,15660
2026-07-06,37911
2026-07-07,34715
2026-07-08,17569
2026-07-09,6584
2026-07-10,-693
2026-07-15,30873
2026-07-16,53560
2026-07-17,14645
2026-07-21,-85201
2026-07-22,-12323
2026-07-23,-10350
2026-07-24,4172
2026-07-27,-1924
2026-07-28,6677
2026-07-29,-7035
2026-07-30,-10730
2026-07-31,-7556
2026-08-04,30179
2026-08-05,31660
2026-08-06,-6744
2026-08-07,-11742
