timestamp,open,high,low,close,volume
2015-06-09,459.0,463.5,451.0,453.0,10562
2015-06-10,451.0,460.0,443.0,449.0,10259
2015-06-11,450.5,458.5,447.5,458.0,6063
2015-06-15,459.0,468.5,458.0,466.0,18975
2015-06-16,466.0,467.5,457.5,459.0,4968
2015-06-17,458.5,469.0,452.0,463.0,9970
2015-06-18,469.0,489.0,466.0,479.0,26665
2015-06-19,477.0,495.0,473.0,482.0,21441
2015-06-22,482.5,482.5,466.0,470.0,16084
2015-06-23,471.0,471.5,460.0,461.5,14219
2015-06-24,463.0,467.5,460.0,467.0,6887
2015-06-25,466.0,466.0,455.5,456.0,8916
2015-06-26,458.0,467.5,456.0,464.0,4922
2015-06-29,459.0,467.0,453.5,458.0,8492
2015-06-30,457.0,460.0,452.5,453.0,14027
2015-07-01,454.0,454.0,443.0,445.5,23918
2015-07-02,449.0,452.0,443.0,445.0,6197
2015-07-03,446.5,452.0,442.0,451.0,7691
2015-07-06,448.0,455.0,443.0,451.0,8637
2015-07-07,454.5,454.5,428.5,431.5,14663
2015-07-08,429.0,434.0,421.0,429.5,15646
2015-07-09,431.0,439.0,429.5,439.0,73190
2015-07-10,439.5,444.0,433.5,436.0,11824
2015-07-13,435.5,449.0,427.0,441.5,12631
2015-07-14,438.0,446.0,435.0,444.0,14235
2015-07-15,448.0,454.5,441.0,442.0,26884
2015-07-16,443.0,446.0,437.5,443.0,12161
2015-07-17,444.0,444.0,425.0,428.0,45770
2015-07-20,427.0,430.5,422.0,425.5,33453
2015-07-21,435.0,435.0,420.5,423.0,25124
2015-07-22,422.5,429.5,418.0,425.5,15450
2015-07-23,425.0,430.0,415.0,425.5,47387
2015-07-24,425.0,425.0,407.5,410.0,25871
2015-07-27,410.0,419.0,405.5,410.5,15113
2015-07-28,410.0,443.0,396.5,429.0,84906
2015-07-29,434.0,434.0,414.5,416.0,31253
2015-07-30,416.0,425.0,412.5,425.0,43364
2015-07-31,421.5,438.5,418.5,434.5,59544
2015-08-03,430.0,439.0,422.5,426.0,23698
2015-08-04,426.0,432.0,420.0,423.5,35855
2015-08-05,423.0,431.5,419.5,427.0,28155
2015-08-06,427.0,433.5,426.5,432.0,17125
2015-08-07,428.5,440.0,428.5,434.0,21811
2015-08-10,434.0,487.0,434.0,457.0,130479
2015-08-11,457.0,460.5,445.5,458.5,87459
2015-08-12,455.0,455.0,442.5,448.5,100258
2015-08-13,448.0,460.5,448.0,460.0,60896
2015-08-14,457.0,470.5,457.0,462.0,27326
2015-08-17,462.5,473.5,462.5,468.5,28516
2015-08-18,468.0,486.0,468.0,482.0,48889
2015-08-19,479.5,488.0,463.0,464.5,42911
2015-08-20,474.0,498.5,471.0,494.5,140735
2015-08-21,495.5,527.0,495.5,524.5,199551
2015-08-24,522.0,534.5,480.0,528.0,129351
2015-08-25,532.0,533.5,490.5,497.0,99353
2015-08-26,498.5,504.0,480.0,496.5,77006
2015-08-27,491.5,497.5,480.5,483.0,66208
2015-08-28,483.0,494.0,473.5,489.0,69057
2015-08-31,486.5,497.5,486.0,491.5,11022
2015-09-01,493.0,493.0,475.5,489.0,47772
2015-09-02,492.5,499.0,481.5,488.0,38209
2015-09-03,487.0,495.0,481.0,494.0,57176
2015-09-04,491.0,495.0,476.5,479.0,24756
2015-09-07,481.0,492.0,481.0,491.5,15710
2015-09-08,491.5,496.0,487.0,495.5,27221
2015-09-09,495.5,527.0,493.5,519.5,85398
2015-09-10,525.0,563.0,515.5,549.0,197989
2015-09-11,554.0,561.5,542.0,544.5,74119
2015-09-14,549.5,568.5,543.5,549.0,81706
2015-09-15,545.5,561.5,537.0,560.0,44729
2015-09-16,562.0,573.0,545.5,565.0,42636
2015-09-17,565.5,573.5,561.0,561.0,25109
2015-09-18,565.5,577.0,552.0,557.5,37543
2015-09-21,556.0,557.0,544.0,546.5,23702
2015-09-22,560.0,560.0,541.0,553.0,21107
2015-09-23,560.0,561.5,544.5,557.0,26651
2015-09-24,557.0,568.5,544.0,560.5,37831
2015-09-25,560.5,565.0,544.5,545.0,23981
2015-09-28,546.5,556.0,542.5,547.0,21460
2015-09-29,546.5,565.0,546.5,556.5,22992
2015-09-30,564.0,570.0,553.0,566.0,17025
2015-10-01,566.5,576.5,557.0,571.0,22305
2015-10-02,571.0,587.0,571.0,585.0,27158
2015-10-05,583.0,589.5,571.5,578.5,23256
2015-10-06,579.0,579.0,555.5,579.0,38426
2015-10-07,570.5,570.5,551.0,559.5,24017
2015-10-08,559.0,563.5,546.0,559.0,35317
2015-10-09,553.0,563.5,551.0,554.0,4515
2015-10-12,554.0,557.5,548.0,556.5,9096
2015-10-13,559.5,568.5,552.0,565.0,12887
2015-10-14,565.0,578.0,560.5,577.0,22738
2015-10-15,578.5,578.5,566.0,571.5,17745
2015-10-16,567.0,573.0,561.0,565.5,14505
2015-10-19,564.0,570.5,553.0,565.0,10971
2015-10-20,573.0,574.5,565.0,570.5,13031
2015-10-21,570.0,579.5,561.5,563.0,11107
2015-10-22,564.5,575.5,555.0,564.5,38470
2015-10-23,565.0,571.5,556.5,569.0,36836
2015-10-26,565.0,571.0,555.0,555.0,14757
2015-10-27,559.5,568.5,554.5,568.5,17888
2015-10-28,565.5,572.5,558.0,567.0,11780
2015-10-29,569.0,570.0,559.0,563.5,11204
2015-10-30,567.5,571.0,561.5,565.5,6790
2015-11-02,562.5,571.0,562.0,565.0,6384
2015-11-03,566.0,574.0,556.0,556.0,22455
2015-11-05,557.5,568.0,550.0,560.5,19876
2015-11-06,556.5,560.5,543.5,548.5,25246
2015-11-09,550.5,559.0,549.5,555.0,12163
2015-11-10,557.0,569.0,553.5,564.0,19586
2015-11-11,560.5,567.5,559.0,561.0,13617
2015-11-12,565.0,584.0,551.5,555.0,21015
2015-11-13,557.0,565.0,551.0,555.0,18810
2015-11-16,554.5,570.5,553.0,561.5,33034
2015-11-17,556.5,566.5,551.5,551.5,28365
2015-11-18,554.5,581.0,554.0,569.0,32862
2015-11-19,571.5,584.0,560.0,560.5,24739
2015-11-20,563.0,564.0,547.0,549.0,48731
2015-11-23,550.0,565.5,547.0,552.0,37169
2015-11-24,556.0,558.5,541.5,545.0,36313
2015-11-25,550.5,551.5,536.0,540.0,17006
2015-11-26,546.0,553.0,537.5,553.0,7187
2015-11-27,553.0,553.0,530.0,536.0,17854
2015-11-30,531.0,538.5,527.5,535.5,13460
2015-12-01,535.0,538.5,529.5,529.5,9005
2015-12-02,533.0,539.5,528.0,531.5,12414
2015-12-03,533.0,554.0,531.0,538.0,32370
2015-12-04,539.5,547.0,533.0,537.5,26549
2015-12-07,538.0,549.0,526.0,549.0,35198
2015-12-08,549.0,549.5,520.0,530.0,57224
2015-12-09,529.5,559.5,522.5,559.0,51176
2015-12-10,540.0,561.0,536.0,556.0,39462
2015-12-11,556.5,560.0,542.5,544.5,23388
2015-12-14,550.5,582.5,541.5,574.0,48489
2015-12-15,574.0,584.5,570.5,573.5,22152
2015-12-16,574.5,582.0,560.5,574.5,19014
2015-12-17,574.0,581.0,563.0,569.0,16745
2015-12-18,571.0,575.0,536.5,536.5,26257
2015-12-21,538.5,578.5,538.5,574.0,32574
2015-12-22,571.0,586.5,567.5,571.5,22989
2015-12-23,573.5,600.0,571.5,596.5,61676
2015-12-24,593.0,611.0,581.5,590.5,24537
2015-12-25,590.5,606.0,590.0,591.5,2376
2015-12-28,598.0,605.0,588.0,590.0,4949
2015-12-29,601.0,626.0,596.0,622.0,36255
2015-12-30,626.0,636.0,602.0,618.0,13715
2016-01-04,612.5,626.5,607.0,613.5,1875
2016-01-05,622.0,630.0,614.0,621.5,4779
2016-01-06,629.0,629.0,610.0,626.0,6711
2016-01-11,631.0,632.5,619.5,631.0,17932
2016-01-12,631.0,638.0,596.5,599.5,35194
2016-01-13,605.0,613.5,592.0,600.0,21343
2016-01-14,606.0,620.5,597.0,611.0,18878
2016-01-15,610.0,617.5,579.0,601.5,44828
2016-01-18,601.0,617.0,583.0,590.5,22444
2016-01-19,598.5,605.5,583.5,587.0,16111
2016-01-20,593.0,611.5,578.5,602.5,36436
2016-01-21,610.0,629.5,604.5,615.0,24352
2016-01-22,620.0,630.0,591.5,600.0,43047
2016-01-25,611.5,618.5,594.0,610.0,8812
2016-01-26,616.5,629.0,610.5,610.5,9858
2016-01-27,611.5,634.0,605.5,626.0,12909
2016-01-28,632.0,638.0,615.0,620.0,12991
2016-01-29,625.0,628.0,615.0,620.0,18916
2016-02-01,624.0,649.0,621.0,648.0,32714
2016-02-02,641.0,672.0,639.0,668.5,33017
2016-02-03,667.0,687.0,657.5,668.5,14240
2016-02-04,677.0,694.0,656.0,690.5,35360
2016-02-05,688.0,713.0,673.0,683.5,35744
2016-02-08,686.0,700.0,670.0,692.0,20491
2016-02-09,699.0,719.5,670.5,685.5,25415
2016-02-10,686.5,700.0,675.5,681.0,34760
2016-02-11,687.5,714.0,678.0,712.5,71571
2016-02-12,715.0,719.0,686.5,701.0,39393
2016-02-15,701.0,701.0,675.5,680.5,30574
2016-02-16,679.5,684.5,662.0,674.5,33984
2016-02-17,685.0,691.5,670.0,672.0,28023
2016-02-18,671.0,709.0,663.0,696.5,25879
2016-02-19,702.0,716.5,696.5,713.0,13337
2016-02-22,722.5,724.5,681.5,695.5,20521
2016-02-24,694.0,696.0,683.0,690.0,21244
2016-02-25,685.0,693.0,680.0,683.5,15645
2016-02-26,683.0,694.0,673.5,689.0,46698
2016-02-29,683.0,698.0,681.5,689.0,21505
2016-03-01,689.0,695.5,671.5,675.0,40227
2016-03-02,675.0,690.0,666.0,690.0,20298
2016-03-03,687.5,702.0,685.5,696.0,28790
2016-03-04,691.0,723.0,690.5,719.5,43233
2016-03-07,719.5,748.0,707.5,748.0,29776
2016-03-09,740.0,740.0,702.0,707.0,38954
2016-03-10,708.0,713.5,691.5,710.5,42308
2016-03-11,713.0,714.0,691.5,703.0,19417
2016-03-14,705.0,712.0,700.5,706.5,12881
2016-03-15,711.5,713.5,691.0,705.5,84748
2016-03-16,707.0,710.5,695.5,700.5,15511
2016-03-17,696.0,718.0,690.5,710.0,54877
2016-03-18,713.0,717.5,701.5,709.5,17650
2016-03-21,710.5,715.5,700.5,701.5,11742
2016-03-22,702.5,710.5,689.0,689.5,24937
2016-03-23,699.0,702.5,675.0,688.0,46474
2016-03-24,690.0,696.5,674.0,692.5,17229
2016-03-25,693.0,694.5,685.5,692.5,1998
2016-03-28,689.5,694.5,683.5,690.0,2427
2016-03-29,690.5,690.5,645.0,655.5,71325
2016-03-30,660.0,671.5,651.5,667.0,41682
2016-03-31,670.0,670.0,650.0,655.5,23614
2016-04-01,653.0,663.5,638.0,646.0,23651
2016-04-04,650.5,662.0,647.5,661.0,13099
2016-04-05,655.5,663.5,650.5,661.0,11120
2016-04-06,661.0,663.0,649.0,654.0,13561
2016-04-07,654.0,662.0,651.0,657.5,10530
2016-04-08,658.0,661.5,651.0,653.5,8837
2016-04-11,656.0,680.0,656.0,673.5,14301
2016-04-12,673.0,678.5,657.5,658.0,14344
2016-04-13,664.0,667.0,654.0,662.0,22718
2016-04-14,662.0,665.0,650.0,657.0,14422
2016-04-15,658.0,661.0,644.5,655.5,8714
2016-04-18,661.0,675.0,650.0,653.0,28358
2016-04-19,654.5,669.0,650.0,669.0,19270
2016-04-20,668.5,677.0,665.0,670.0,13393
2016-04-21,674.0,674.0,660.0,669.0,20608
2016-04-22,665.0,677.0,655.0,677.0,15351
2016-04-25,679.0,681.5,665.0,672.0,25898
2016-04-26,675.0,678.0,671.0,675.0,6752
2016-04-27,672.0,675.5,660.5,671.0,3436
2016-04-28,671.0,674.0,661.5,668.0,3877
2016-04-29,664.0,672.0,660.0,667.5,7449
2016-05-04,670.0,675.5,648.5,656.0,14633
2016-05-05,651.5,658.0,635.5,638.0,15063
2016-05-06,636.0,662.0,636.0,659.5,17645
2016-05-10,654.5,660.0,642.0,644.0,7500
2016-05-11,645.0,670.0,643.0,658.5,16862
2016-05-12,657.5,742.0,656.0,736.5,186280
2016-05-13,726.0,732.5,708.5,711.0,21564
2016-05-16,711.0,729.5,711.0,725.0,11853
2016-05-17,730.0,762.0,722.0,757.0,41044
2016-05-18,762.0,790.0,744.5,769.0,46001
2016-05-19,760.5,776.5,749.0,774.5,16521
2016-05-20,770.5,800.0,770.5,785.5,24196
2016-05-23,783.0,805.0,774.5,789.5,13233
2016-05-24,787.5,805.0,778.5,792.0,17127
2016-05-25,788.0,788.0,764.0,774.5,20028
2016-05-26,779.5,800.0,775.5,795.0,11899
2016-05-27,798.0,800.5,785.0,787.0,3442
2016-05-30,762.5,797.5,762.5,782.5,4220
2016-05-31,784.0,790.0,763.0,766.0,12657
2016-06-01,765.0,802.5,765.0,795.0,9886
2016-06-02,797.5,818.0,789.0,815.0,17775
2016-06-03,815.0,816.5,799.0,809.5,9895
2016-06-06,810.0,848.0,810.0,848.0,19004
2016-06-07,849.0,855.0,829.0,834.0,10053
2016-06-08,835.0,853.5,831.0,850.0,10993
2016-06-09,849.0,849.0,820.5,830.5,7121
2016-06-10,835.0,847.5,821.5,837.5,14535
2016-06-14,836.5,836.5,790.5,799.5,14560
2016-06-15,799.5,816.5,797.5,807.0,23785
2016-06-16,816.0,817.5,780.0,794.0,13616
2016-06-17,798.0,799.0,783.0,797.0,3276
2016-06-20,797.0,816.0,793.0,815.5,3804
2016-06-21,815.0,825.0,802.5,804.5,16743
2016-06-22,808.5,811.0,787.5,795.5,10926
2016-06-23,803.5,829.0,803.5,827.0,9254
2016-06-24,830.0,839.5,765.0,824.0,36090
2016-06-27,809.0,840.0,803.5,838.5,7290
2016-06-28,835.5,867.5,818.0,841.5,17925
2016-06-29,843.0,866.5,841.5,858.5,6206
2016-06-30,864.5,899.0,860.5,881.5,17254
2016-07-01,884.0,898.5,882.0,888.0,10391
2016-07-04,894.0,919.5,894.0,919.5,9489
2016-07-05,902.0,918.0,901.5,912.0,8700
2016-07-06,916.5,949.0,911.5,949.0,9842
2016-07-07,987.0,987.0,916.5,920.0,17244
2016-07-08,929.5,929.5,902.0,902.5,9985
2016-07-11,913.0,937.0,913.0,937.0,7186
2016-07-12,937.5,946.0,916.0,931.0,10569
2016-07-13,937.5,957.5,936.0,946.5,15906
2016-07-14,949.0,976.0,938.0,941.5,9692
2016-07-15,942.5,942.5,923.5,933.0,3443
2016-07-18,934.0,934.0,905.5,921.0,9099
2016-07-19,921.0,939.5,898.5,915.5,12287
2016-07-20,924.0,924.0,860.5,878.0,17608
2016-07-21,878.0,895.0,865.0,882.0,11609
2016-07-22,886.0,902.0,885.5,885.5,41228
2016-07-25,892.5,896.0,876.0,888.5,7854
2016-07-26,889.0,924.0,881.0,919.0,17760
2016-07-27,919.0,919.0,886.5,907.0,9885
2016-07-28,909.0,990.0,909.0,984.5,23985
2016-07-29,984.5,996.0,952.5,971.5,15121
2016-08-01,977.0,996.5,970.0,975.5,8313
2016-08-02,975.5,996.0,960.5,981.5,15104
2016-08-03,984.0,1009.5,975.0,991.5,16195
2016-08-04,992.0,992.0,961.5,973.0,13140
2016-08-05,975.0,990.0,965.0,973.5,6714
2016-08-08,973.0,973.5,955.0,960.5,7554
2016-08-09,961.0,969.5,952.5,962.0,4635
2016-08-10,970.0,990.5,964.0,972.0,10276
2016-08-11,973.5,990.0,973.5,989.5,8147
2016-08-12,984.5,988.0,967.0,988.0,10875
2016-08-15,988.0,988.0,970.0,981.5,5682
2016-08-16,977.0,1000.5,977.0,989.0,9780
2016-08-17,987.0,999.5,977.0,985.0,6452
2016-08-18,984.0,1007.5,980.0,1000.5,7697
2016-08-19,1007.0,1007.0,977.5,981.5,12278
2016-08-22,983.5,986.5,951.0,980.0,11771
2016-08-23,983.5,993.5,978.5,985.0,4646
2016-08-24,990.0,1004.0,967.5,986.5,16315
2016-08-25,984.5,984.5,944.5,964.0,24513
2016-08-26,963.5,963.5,947.5,948.5,6943
2016-08-29,948.5,948.5,804.5,927.5,10200
2016-08-30,933.5,959.5,932.5,946.5,24066
2016-08-31,952.0,952.0,904.0,914.0,22120
2016-09-01,921.0,925.0,885.0,917.5,15984
2016-09-02,917.5,933.0,912.0,917.5,11626
2016-09-05,917.5,928.5,907.5,911.0,7418
2016-09-06,912.0,925.0,906.5,918.5,10562
2016-09-07,926.5,938.0,915.5,923.5,5290
2016-09-08,925.0,926.0,890.0,897.0,13598
2016-09-09,897.0,897.0,867.0,872.0,11932
2016-09-12,866.5,879.5,846.5,868.5,17181
2016-09-13,874.0,881.5,832.0,838.5,43492
2016-09-14,840.0,876.0,838.5,862.0,35586
2016-09-15,866.5,875.5,852.0,862.0,24837
2016-09-16,865.0,874.5,834.5,859.5,32241
2016-09-19,872.0,894.0,862.0,876.5,21743
2016-09-20,869.5,884.5,864.5,875.0,26509
2016-09-21,877.0,879.5,866.5,874.5,15495
2016-09-22,878.5,929.5,866.5,884.0,35803
2016-09-23,880.5,880.5,802.0,811.0,319102
2016-09-26,813.5,818.0,781.5,801.0,101594
2016-09-27,805.5,807.5,792.0,798.5,30475
2016-09-28,798.0,809.5,792.0,807.0,38198
2016-09-29,798.5,808.0,793.0,799.5,23576
2016-09-30,800.0,806.5,790.0,795.0,68700
2016-10-03,789.0,790.0,776.0,781.5,40226
2016-10-04,785.0,785.0,740.0,747.0,66301
2016-10-05,747.0,747.0,696.0,702.5,168948
2016-10-06,703.0,703.0,674.0,682.0,99967
2016-10-07,676.0,682.0,658.5,660.0,141460
2016-10-10,664.0,674.0,658.5,662.0,103946
2016-10-11,663.5,664.5,652.0,654.0,44568
2016-10-12,659.0,659.5,644.0,650.0,72119
2016-10-13,655.5,672.0,648.0,664.5,120323
2016-10-14,669.0,669.0,650.5,656.0,44973
2016-10-17,656.0,659.0,647.0,654.5,27668
2016-10-18,657.5,684.0,657.5,682.5,162947
2016-10-19,682.0,692.0,675.0,679.5,50241
2016-10-20,679.5,685.0,672.5,683.0,28937
2016-10-21,682.0,683.5,667.5,675.0,142139
2016-10-24,680.5,685.5,667.0,677.0,38156
2016-10-25,674.5,681.5,663.5,675.0,67550
2016-10-26,679.0,680.5,668.0,669.5,19679
2016-10-27,676.0,690.5,670.5,675.5,57212
2016-10-28,684.0,688.0,672.5,681.5,26558
2016-10-31,680.0,691.0,674.5,687.0,52468
2016-11-01,691.0,733.5,691.0,733.5,118744
2016-11-02,730.0,749.0,726.0,747.0,167120
2016-11-03,746.0,749.0,725.5,732.0,64595
2016-11-07,729.0,729.0,710.0,713.0,51179
2016-11-08,714.0,724.0,710.5,721.5,29190
2016-11-09,728.5,764.0,715.0,738.0,244225
2016-11-10,767.0,767.5,717.5,722.0,135693
2016-11-11,721.0,728.0,697.0,697.0,158672
2016-11-14,682.0,725.0,660.0,662.5,240829
2016-11-15,669.0,677.5,633.0,635.5,204564
2016-11-16,636.0,653.5,613.0,645.0,121926
2016-11-17,641.0,669.0,631.0,635.5,138589
2016-11-18,634.5,637.0,607.0,609.0,116633
2016-11-21,610.0,629.0,603.0,622.0,112292
2016-11-22,630.0,636.0,604.0,608.5,120233
2016-11-23,611.0,623.0,597.5,601.0,137085
2016-11-24,599.0,606.5,589.5,603.0,98993
2016-11-25,605.0,610.0,593.5,603.0,109665
2016-11-28,601.5,622.0,601.5,617.5,98882
2016-11-29,616.5,628.0,614.0,623.0,93744
2016-11-30,621.5,626.5,604.0,608.5,92330
2016-12-01,607.0,613.0,593.0,595.0,171240
2016-12-02,599.0,611.5,595.0,609.0,110436
2016-12-05,609.0,616.0,586.0,589.5,237458
2016-12-06,595.5,609.0,586.0,599.0,127407
2016-12-07,601.0,611.0,587.5,605.5,235658
2016-12-08,606.5,628.0,602.0,624.0,261561
2016-12-09,628.0,638.5,616.0,624.5,224936
2016-12-12,617.5,626.5,572.0,587.0,654761
2016-12-13,586.5,598.0,573.5,582.0,261677
2016-12-14,583.5,632.0,580.0,632.0,487769
2016-12-15,624.5,624.5,585.0,600.5,482503
2016-12-16,602.5,610.0,591.5,600.0,209734
2016-12-19,601.5,606.0,580.0,597.5,288217
2016-12-20,597.5,604.0,587.0,589.5,100365
2016-12-21,595.0,599.0,586.0,590.5,90048
2016-12-22,590.5,605.0,586.0,599.0,143473
2016-12-23,603.0,607.5,596.0,604.5,177091
2016-12-26,600.5,609.0,597.5,598.0,26266
2016-12-27,602.5,610.5,597.0,608.5,100945
2016-12-28,611.0,613.0,601.5,608.5,111765
2016-12-29,610.0,638.5,610.0,637.0,258172
2016-12-30,639.5,650.0,633.0,638.5,124529
2017-01-03,639.0,649.5,636.0,643.5,80049
2017-01-04,645.0,667.5,640.0,662.5,137422
2017-01-05,666.0,697.0,648.5,661.5,209822
2017-01-06,658.5,665.5,644.0,654.0,69900
2017-01-09,662.5,663.0,646.5,662.0,74987
2017-01-10,665.5,673.5,665.0,669.5,146439
2017-01-11,674.0,685.0,665.5,668.0,179356
2017-01-12,682.0,695.0,669.5,677.5,157441
2017-01-13,675.0,677.5,660.5,668.0,67250
2017-01-16,669.5,678.5,664.0,670.5,44067
2017-01-17,672.0,692.5,672.0,688.5,191301
2017-01-18,689.5,692.5,673.0,689.5,103513
2017-01-19,685.5,691.5,678.0,680.5,104643
2017-01-20,686.0,686.5,675.0,682.0,133793
2017-01-23,684.0,698.0,683.0,692.5,83134
2017-01-24,694.0,709.0,686.0,708.0,128019
2017-01-25,700.5,707.0,696.0,699.0,109133
2017-01-26,700.0,704.5,662.0,667.0,302815
2017-01-27,669.5,669.5,655.0,667.0,140239
2017-01-30,669.0,677.0,662.0,674.5,93822
2017-01-31,677.5,693.0,671.5,692.0,155599
2017-02-01,692.0,716.5,686.0,707.0,207333
2017-02-02,713.5,719.5,700.0,702.0,125896
2017-02-03,700.0,707.0,685.5,693.0,70232
2017-02-06,700.0,705.0,690.0,696.5,41702
2017-02-07,699.0,711.5,698.0,709.0,65434
2017-02-08,713.0,735.5,712.0,728.0,171873
2017-02-09,726.0,729.5,714.0,716.5,85585
2017-02-10,715.0,722.5,704.0,722.0,85261
2017-02-13,730.0,731.0,707.0,710.0,44780
2017-02-14,717.0,721.0,697.5,698.0,53176
2017-02-15,698.0,702.0,679.0,696.5,61729
2017-02-16,698.0,699.5,681.5,696.0,47559
2017-02-17,697.5,717.0,691.0,715.0,215782
2017-02-20,714.0,717.5,703.0,716.0,46798
2017-02-21,713.0,717.5,700.5,704.5,104949
2017-02-22,705.0,716.0,696.0,709.5,73652
2017-02-24,720.0,733.0,718.5,731.0,91128
2017-02-27,720.5,724.0,705.0,708.0,84145
2017-02-28,708.5,709.5,637.5,691.0,133553
2017-03-01,689.0,689.0,674.0,679.0,71803
2017-03-02,683.0,694.0,675.0,675.5,49056
2017-03-03,675.5,675.5,653.0,661.0,63680
2017-03-06,663.0,674.0,651.0,652.0,79877
2017-03-07,654.0,658.5,636.5,643.0,84201
2017-03-09,643.0,664.5,637.5,661.0,85762
2017-03-10,663.5,667.5,641.0,661.5,32970
2017-03-13,662.0,677.0,656.5,662.5,43698
2017-03-14,665.0,680.5,646.0,675.0,61048
2017-03-15,670.0,690.0,670.0,687.0,61563
2017-03-16,692.0,726.5,683.0,720.0,218719
2017-03-17,720.0,723.5,701.0,720.0,55782
2017-03-20,720.0,720.0,710.5,714.0,24662
2017-03-21,714.0,725.0,710.0,723.0,87837
2017-03-22,720.0,752.0,715.0,750.0,194884
2017-03-23,749.0,753.5,729.0,739.0,57673
2017-03-24,738.0,747.0,729.0,738.5,27395
2017-03-27,745.0,758.0,740.5,742.5,78434
2017-03-28,747.5,753.5,735.5,747.0,33642
2017-03-29,740.5,747.0,691.0,695.0,154379
2017-03-30,700.0,708.5,692.5,704.0,58417
2017-03-31,701.0,705.0,688.0,698.5,44991
2017-04-03,697.0,710.5,691.5,709.5,32101
2017-04-04,709.5,718.5,708.5,716.0,38536
2017-04-05,713.0,725.0,710.0,713.0,47112
2017-04-06,714.0,732.5,710.5,726.0,70503
2017-04-07,736.5,753.5,735.5,745.0,138005
2017-04-10,744.0,749.0,730.5,743.0,64969
2017-04-11,744.0,770.0,735.5,767.5,98064
2017-04-12,766.5,776.5,755.0,758.0,93519
2017-04-13,766.0,777.0,761.0,770.0,112817
2017-04-14,762.0,800.0,760.5,798.5,105496
2017-04-17,796.5,819.5,764.0,800.0,74038
2017-04-18,790.0,802.5,762.0,767.0,84724
2017-04-19,766.5,768.0,751.0,758.0,51721
2017-04-20,750.0,759.5,736.5,753.0,93811
2017-04-21,753.0,763.0,737.5,740.0,59882
2017-04-24,722.5,739.0,721.0,723.0,81285
2017-04-25,723.0,748.0,707.5,725.0,81465
2017-04-26,735.0,750.5,726.0,749.5,133949
2017-04-27,751.0,762.5,743.5,751.0,82550
2017-04-28,759.0,765.0,748.5,754.0,78798
2017-05-02,747.0,756.0,739.0,740.0,94500
2017-05-03,742.5,749.5,722.5,730.5,59429
2017-05-04,722.0,730.0,710.5,728.5,68003
2017-05-05,730.0,747.0,727.0,744.0,84485
2017-05-10,741.0,752.5,733.0,747.5,56563
2017-05-11,752.0,762.0,729.5,755.5,53623
2017-05-12,759.0,761.0,747.0,758.0,70106
2017-05-15,762.0,769.0,747.5,750.5,63478
2017-05-16,759.5,767.5,747.0,755.0,130156
2017-05-17,764.0,785.0,757.0,775.0,204267
2017-05-18,782.0,800.0,779.5,786.5,190607
2017-05-19,786.5,798.5,772.0,778.0,64360
2017-05-22,786.5,786.5,772.0,780.0,39409
2017-05-23,788.5,788.5,752.5,753.5,46067
2017-05-24,750.0,770.0,746.0,754.5,31691
2017-05-25,753.0,758.5,739.5,748.0,35005
2017-05-26,748.5,767.5,742.5,751.0,32687
2017-05-29,753.0,769.5,750.5,761.5,41860
2017-05-30,765.5,767.0,724.0,731.0,95427
2017-05-31,732.5,742.5,725.5,741.5,58038
2017-06-01,742.0,749.5,715.0,718.0,55529
2017-06-02,718.0,731.0,705.0,728.5,53283
2017-06-05,731.0,733.0,716.5,719.5,44253
2017-06-06,726.0,745.0,720.5,743.5,55538
2017-06-07,746.0,753.0,734.0,739.0,59141
2017-06-08,744.5,747.0,718.5,728.5,36252
2017-06-09,729.5,729.5,707.0,717.0,33872
2017-06-13,724.0,724.5,694.5,697.5,117944
2017-06-14,700.0,720.0,700.0,703.0,117052
2017-06-15,701.5,706.5,666.5,681.0,344366
2017-06-16,679.5,705.0,678.0,688.0,55380
2017-06-19,686.0,686.0,662.0,671.5,42082
2017-06-20,676.0,686.5,675.5,682.5,35807
2017-06-21,680.0,684.5,674.5,678.0,27882
2017-06-22,678.0,698.0,670.5,684.5,51350
2017-06-23,681.5,710.0,681.0,705.0,98955
2017-06-26,706.0,709.0,678.0,685.0,43943
2017-06-27,684.0,684.0,674.0,676.0,53208
2017-06-28,676.0,686.5,661.0,679.0,81920
2017-06-29,681.5,688.0,661.0,666.0,102673
2017-06-30,669.0,671.0,653.5,667.0,59984
2017-07-03,661.0,677.0,659.0,667.0,63797
2017-07-04,665.5,673.5,660.0,667.5,60900
2017-07-05,668.0,686.0,666.0,680.0,53037
2017-07-06,684.0,691.5,672.0,674.0,62546
2017-07-07,679.5,679.5,663.5,668.5,58094
2017-07-10,664.0,674.0,652.0,673.5,67383
2017-07-11,673.5,681.0,672.0,680.0,41601
2017-07-12,680.0,684.0,672.5,673.0,36860
2017-07-13,677.0,699.0,673.5,682.5,77845
2017-07-14,684.0,697.5,675.0,691.5,51736
2017-07-17,695.0,707.5,691.5,703.0,113895
2017-07-18,703.0,710.5,699.0,710.0,78893
2017-07-19,706.0,710.0,690.5,693.0,101097
2017-07-20,691.0,699.0,680.5,695.5,86811
2017-07-21,693.0,697.0,689.5,691.5,58931
2017-07-24,694.0,697.0,689.5,691.5,77911
2017-07-25,694.5,714.5,688.5,708.5,196060
2017-07-26,705.5,716.5,703.5,710.0,127936
2017-07-27,714.0,730.0,712.5,716.5,111843
2017-07-28,716.5,716.5,699.0,708.5,94388
2017-07-31,718.0,732.0,709.0,732.0,172420
2017-08-01,732.0,738.4,725.0,725.0,66963
2017-08-02,734.8,736.0,725.0,729.9,68734
2017-08-03,725.4,738.7,725.4,736.8,72486
2017-08-04,731.1,738.5,700.0,704.0,151174
2017-08-07,708.4,710.6,694.4,708.0,163104
2017-08-08,709.7,714.4,698.5,704.2,59002
2017-08-09,710.0,733.4,705.3,731.8,139772
2017-08-10,734.0,742.4,726.0,734.0,88600
2017-08-11,740.3,740.6,726.6,737.0,84578
2017-08-14,736.5,736.5,722.3,725.2,99079
2017-08-15,722.0,727.6,699.7,704.1,172740
2017-08-16,704.1,707.9,692.4,698.3,157140
2017-08-17,705.0,724.2,701.1,713.7,165657
2017-08-18,716.1,726.8,703.9,708.8,139384
2017-08-21,710.2,714.0,706.2,710.6,43672
2017-08-22,709.4,714.0,698.1,701.5,78854
2017-08-23,705.2,719.4,694.9,712.1,122971
2017-08-24,712.0,729.0,706.4,725.8,98136
2017-08-25,721.3,723.5,708.7,714.0,88672
2017-08-28,714.1,726.3,708.1,724.0,58697
2017-08-29,726.0,745.4,721.8,737.5,234234
2017-08-30,735.0,745.0,707.2,713.0,278447
2017-08-31,713.0,713.0,662.1,674.4,856425
2017-09-01,674.6,674.6,642.0,653.1,712271
2017-09-04,654.0,675.9,654.0,673.9,333283
2017-09-05,675.1,679.0,665.0,672.5,187631
2017-09-06,676.0,676.0,665.0,670.9,166346
2017-09-07,665.9,677.7,661.2,676.3,210346
2017-09-08,677.9,685.6,671.1,672.8,181494
2017-09-11,672.0,672.9,655.1,657.6,346914
2017-09-12,651.7,663.1,649.6,659.0,244435
2017-09-13,662.6,663.7,645.0,648.6,434980
2017-09-14,650.0,650.0,630.5,634.4,340269
2017-09-15,637.9,658.5,626.0,650.9,348450
2017-09-18,648.0,651.8,633.6,639.0,255073
2017-09-19,638.0,644.9,631.7,642.4,166866
2017-09-20,642.9,645.0,637.1,637.4,122517
2017-09-21,637.0,640.3,625.0,630.9,350107
2017-09-22,633.0,644.4,630.0,640.0,165543
2017-09-25,640.0,652.8,639.8,652.4,243008
2017-09-26,651.0,663.2,650.4,659.5,260957
2017-09-27,660.0,664.0,652.5,659.0,149152
2017-09-28,660.0,660.5,643.5,647.0,154058
2017-09-29,648.3,651.9,644.0,649.8,85279
2017-10-02,649.1,649.1,640.4,644.6,145510
2017-10-03,644.7,654.4,642.2,651.4,116993
2017-10-04,654.0,659.7,645.6,657.5,153592
2017-10-05,657.5,662.0,653.0,661.6,108340
2017-10-06,662.0,662.0,644.0,650.0,200429
2017-10-09,656.3,660.0,649.9,656.0,205343
2017-10-10,658.5,663.4,656.0,660.5,141612
2017-10-11,661.9,671.9,653.0,668.3,167362
2017-10-12,671.9,679.4,665.7,678.3,150495
2017-10-13,678.4,689.0,678.0,680.5,158997
2017-10-16,687.4,696.0,673.3,682.5,214452
2017-10-17,682.5,684.7,675.1,677.5,105680
2017-10-18,678.0,689.7,672.0,688.0,117603
2017-10-19,682.8,691.6,681.8,689.3,267504
2017-10-20,687.4,693.0,682.0,685.6,106056
2017-10-23,684.8,693.7,679.7,690.0,100191
2017-10-24,690.1,693.8,684.5,688.6,163111
2017-10-25,688.6,690.2,681.1,681.4,121154
2017-10-26,683.3,685.9,675.0,678.7,104247
2017-10-27,675.0,678.4,667.2,674.6,160560
2017-10-30,672.3,674.7,661.0,674.7,97339
2017-10-31,675.0,679.5,669.5,675.6,104470
2017-11-01,672.0,696.3,672.0,693.0,356296
2017-11-02,693.0,697.0,662.0,691.3,132170
2017-11-03,690.0,697.8,675.6,687.4,58493
2017-11-07,682.5,699.4,682.5,689.9,160622
2017-11-08,686.0,697.9,684.1,693.5,148835
2017-11-09,696.9,698.9,688.1,691.7,71493
2017-11-10,691.7,697.8,685.2,695.0,108224
2017-11-13,693.1,700.0,690.1,700.0,96468
2017-11-14,700.0,728.0,697.9,715.0,357874
2017-11-15,715.1,729.5,705.0,705.0,106810
2017-11-16,708.5,708.5,677.6,690.0,116013
2017-11-17,693.0,693.0,680.3,685.5,71232
2017-11-20,689.8,697.3,684.0,695.0,87032
2017-11-21,694.9,699.7,687.5,694.1,73240
2017-11-22,694.5,726.0,686.0,725.9,195025
2017-11-23,726.0,726.2,695.2,716.0,55442
2017-11-24,710.5,725.0,710.5,718.2,103112
2017-11-27,715.2,725.4,705.0,716.9,71879
2017-11-28,719.8,720.9,704.5,710.5,168749
2017-11-29,708.3,727.0,701.0,708.1,80100
2017-11-30,711.0,712.4,701.7,703.8,71496
2017-12-01,710.2,710.2,696.2,704.8,57197
2017-12-04,704.7,711.2,688.0,690.4,91298
2017-12-05,687.2,691.2,671.0,672.0,124680
2017-12-06,673.8,678.5,664.0,665.9,114429
2017-12-07,663.7,670.0,660.2,666.9,142782
2017-12-08,670.0,678.0,666.0,670.8,96977
2017-12-11,666.1,693.8,666.1,688.9,105262
2017-12-12,682.0,688.0,666.1,668.0,126506
2017-12-13,668.0,673.4,652.0,660.1,168335
2017-12-14,663.0,681.3,663.0,673.9,143738
2017-12-15,669.4,685.0,669.4,678.9,75162
2017-12-18,678.0,688.5,674.2,685.4,82359
2017-12-19,685.7,698.0,680.7,688.6,153238
2017-12-20,694.8,696.8,678.0,695.0,107890
2017-12-21,698.0,701.0,689.1,697.5,171993
2017-12-22,694.0,700.5,687.0,692.0,64173
2017-12-25,693.0,703.8,687.2,687.2,21684
2017-12-26,692.0,692.0,680.0,688.3,31789
2017-12-27,687.7,710.0,679.1,710.0,109654
2017-12-28,716.4,716.4,701.0,703.6,59272
2017-12-29,705.0,722.8,699.0,706.6,77056
2018-01-03,710.0,723.5,707.3,718.9,67359
2018-01-04,716.6,723.0,707.0,715.0,46117
2018-01-05,715.7,721.5,707.5,720.0,40562
2018-01-09,717.1,717.1,695.1,702.1,93217
2018-01-10,702.2,713.9,693.3,711.0,166610
2018-01-11,711.1,712.9,701.7,709.1,73642
2018-01-12,706.7,718.2,700.8,709.2,165887
2018-01-15,710.5,729.8,710.5,715.9,136881
2018-01-16,719.7,720.4,691.5,696.9,165768
2018-01-17,695.0,697.9,682.0,685.5,237563
2018-01-18,685.4,693.0,677.5,680.9,144325
2018-01-19,684.3,695.4,683.8,691.0,111220
2018-01-22,693.5,697.5,690.6,696.6,94244
2018-01-23,696.6,698.0,677.6,682.9,168608
2018-01-24,686.9,691.7,669.1,684.3,312788
2018-01-25,687.4,688.5,671.3,676.2,153877
2018-01-26,678.0,684.5,673.5,677.0,109151
2018-01-29,677.0,682.2,664.1,673.5,119146
2018-01-30,672.3,673.3,658.1,661.6,202211
2018-01-31,661.5,665.9,654.0,665.7,108447
2018-02-01,665.9,667.2,652.2,653.8,174868
2018-02-02,658.0,658.0,638.5,638.5,170869
2018-02-05,640.8,653.5,636.5,644.5,206705
2018-02-06,631.5,654.0,615.3,620.4,420902
2018-02-07,627.4,630.4,599.3,605.0,468419
2018-02-08,607.7,614.0,592.3,608.2,387794
2018-02-09,601.4,619.0,600.3,602.1,220467
2018-02-12,607.9,616.5,602.5,611.0,133325
2018-02-13,610.0,618.6,606.5,613.9,149214
2018-02-14,617.2,633.0,609.0,633.0,277748
2018-02-15,632.1,644.0,628.4,638.4,185932
2018-02-16,638.9,649.9,638.9,640.6,186806
2018-02-19,644.0,648.0,627.0,630.7,123709
2018-02-20,627.3,633.1,616.7,621.4,152413
2018-02-21,621.0,623.4,610.8,619.1,232230
2018-02-22,618.1,618.1,606.4,609.3,247311
2018-02-26,612.8,624.7,604.5,606.9,341008
2018-02-27,607.5,610.8,604.6,607.3,117273
2018-02-28,605.3,607.1,592.0,594.0,507363
2018-03-01,590.0,596.0,581.8,587.2,602277
2018-03-02,587.2,598.0,585.0,596.4,182305
2018-03-05,596.7,608.0,595.1,604.0,221336
2018-03-06,605.2,608.6,596.5,607.3,237774
2018-03-07,607.3,609.9,597.4,608.0,181299
2018-03-09,605.0,616.8,603.1,615.3,122040
2018-03-12,615.2,619.1,597.5,604.9,295812
2018-03-13,601.2,630.0,601.2,627.0,391408
2018-03-14,629.0,632.6,619.1,629.0,219645
2018-03-15,629.0,630.5,618.1,625.1,300651
2018-03-16,628.5,629.7,601.1,604.4,336302
2018-03-19,605.0,609.9,595.5,596.9,179857
2018-03-20,599.1,601.9,588.9,591.4,211193
2018-03-21,596.0,600.2,588.0,597.5,246687
2018-03-22,599.0,600.3,583.8,585.3,352274
2018-03-23,587.9,598.9,582.0,594.7,151506
2018-03-26,594.0,602.2,590.2,601.7,167850
2018-03-27,597.7,604.9,593.4,595.9,108218
2018-03-28,594.8,597.6,585.3,589.9,120495
2018-03-29,590.4,593.9,586.3,592.0,205150
2018-03-30,588.0,592.8,588.0,591.7,27185
2018-04-02,591.7,597.8,590.2,595.4,38438
2018-04-03,595.7,597.5,584.5,588.0,169188
2018-04-04,589.1,597.0,589.0,593.8,210660
2018-04-05,593.8,600.0,590.7,592.8,117556
2018-04-06,592.0,594.4,584.5,591.4,290680
2018-04-09,587.6,595.9,504.5,516.5,742443
2018-04-10,517.0,587.8,513.0,556.0,934669
2018-04-11,560.0,588.9,560.0,582.0,499054
2018-04-12,585.1,587.8,559.1,570.0,252904
2018-04-13,570.0,598.7,562.5,594.0,317454
2018-04-16,592.0,597.6,551.0,558.9,350637
2018-04-17,564.4,568.0,551.9,557.8,248046
2018-04-18,562.6,616.0,557.0,605.2,726750
2018-04-19,607.7,617.0,591.3,600.2,267758
2018-04-20,600.0,606.0,595.6,600.4,56884
2018-04-23,603.6,609.0,595.9,600.3,147268
2018-04-24,603.5,610.0,600.4,604.8,191045
2018-04-25,605.1,609.4,596.0,608.8,282852
2018-04-26,609.4,625.0,603.2,620.5,215108
2018-04-27,622.0,624.9,616.8,624.5,80470
2018-04-30,620.1,636.0,620.1,631.3,118188
2018-05-02,625.0,631.9,619.5,623.1,84962
2018-05-03,623.0,627.2,618.7,620.2,79923
2018-05-04,620.3,625.4,616.0,618.9,93764
2018-05-07,618.9,624.5,607.4,608.0,106321
2018-05-08,611.3,618.8,607.5,612.6,277617
2018-05-10,607.0,611.9,591.0,592.1,254403
2018-05-11,594.9,599.9,591.5,592.7,125247
2018-05-14,594.0,598.0,591.4,594.1,126970
2018-05-15,592.6,596.6,573.1,580.8,205925
2018-05-16,582.9,598.5,579.1,590.2,183543
2018-05-17,593.3,594.0,587.8,591.0,69050
2018-05-18,589.7,592.0,576.7,584.1,185507
2018-05-21,586.2,589.8,579.1,580.8,130227
2018-05-22,580.3,587.8,575.2,585.5,125418
2018-05-23,584.2,584.2,572.3,576.4,148875
2018-05-24,574.5,578.1,566.7,572.8,124186
2018-05-25,575.9,575.9,564.7,566.8,131365
2018-05-28,569.8,576.5,565.0,575.0,60104
2018-05-29,576.9,577.2,557.9,561.9,297804
2018-05-30,560.9,570.5,558.5,562.0,122861
2018-05-31,565.0,579.6,564.9,572.0,173506
2018-06-01,570.3,573.7,563.2,568.2,101951
2018-06-04,569.2,574.9,565.0,565.3,90756
2018-06-05,565.7,570.5,562.3,566.2,136254
2018-06-06,565.1,570.5,562.0,562.6,115574
2018-06-07,563.7,567.8,556.0,560.0,146787
2018-06-08,561.4,562.7,551.8,554.4,166307
2018-06-11,559.0,567.3,556.0,563.7,97568
2018-06-13,565.0,566.0,555.8,563.4,126316
2018-06-14,562.5,563.5,554.8,560.6,205080
2018-06-15,561.3,564.4,549.2,558.0,255600
2018-06-18,555.0,556.4,543.2,546.5,226738
2018-06-19,545.0,545.0,536.1,541.6,269417
2018-06-20,544.0,557.6,543.5,548.2,221862
2018-06-21,554.9,554.9,538.3,550.4,260140
2018-06-22,550.1,557.8,547.2,557.0,248402
2018-06-25,556.7,558.9,548.4,552.0,221187
2018-06-26,549.9,564.1,549.9,564.1,179787
2018-06-27,563.9,565.7,554.0,555.9,104991
2018-06-28,554.5,557.2,550.8,552.6,130753
2018-06-29,555.0,557.4,547.9,553.2,80439
2018-07-02,555.0,559.8,552.6,555.0,159337
2018-07-03,555.2,560.6,550.0,557.0,219582
2018-07-04,553.1,561.7,553.1,560.8,84955
2018-07-05,561.0,564.9,558.5,564.0,219672
2018-07-06,562.0,566.9,554.2,564.1,224205
2018-07-09,565.6,569.9,561.8,567.0,214363
2018-07-10,567.1,567.1,553.5,555.3,173416
2018-07-11,554.2,554.2,540.3,543.1,345733
2018-07-12,542.0,545.2,538.0,542.8,233338
2018-07-13,545.7,545.8,533.5,539.5,229213
2018-07-16,550.2,551.2,537.3,540.8,91486
2018-07-17,540.2,550.6,536.2,542.5,249485
2018-07-18,544.3,551.9,542.8,549.0,238673
2018-07-19,545.2,552.0,544.0,548.5,172345
2018-07-20,547.3,561.3,547.1,558.5,263396
2018-07-23,559.8,561.3,551.7,551.8,163425
2018-07-24,554.8,562.6,550.2,556.0,157308
2018-07-25,555.1,567.8,554.5,567.7,223718
2018-07-26,567.9,577.3,563.0,570.1,287381
2018-07-27,570.1,571.2,550.3,552.0,328796
2018-07-30,552.0,553.8,540.1,543.0,249214
2018-07-31,543.1,550.4,540.5,545.0,193841
2018-08-01,546.8,552.1,540.2,548.1,243714
2018-08-02,550.2,550.9,544.5,545.0,126058
2018-08-03,544.6,554.8,544.6,554.8,112569
2018-08-06,554.4,556.0,545.4,548.3,304427
2018-08-07,546.2,555.0,546.1,552.1,136723
2018-08-08,548.6,554.7,547.0,550.8,219140
2018-08-09,551.2,573.5,551.2,573.0,432317
2018-08-10,569.0,569.0,551.2,560.0,276570
2018-08-13,559.9,566.4,556.6,561.4,173079
2018-08-14,559.9,563.3,552.1,553.1,231986
2018-08-15,553.1,553.4,544.2,546.1,165818
2018-08-16,546.1,549.0,544.2,545.3,87863
2018-08-17,545.3,552.0,544.6,549.5,114810
2018-08-20,552.0,567.8,551.0,561.6,264237
2018-08-21,567.3,574.5,553.0,574.5,296056
2018-08-22,574.5,583.0,569.3,581.5,302472
2018-08-23,581.5,581.5,566.3,566.4,215733
2018-08-24,565.7,573.0,560.5,572.0,156043
2018-08-27,572.0,575.0,569.6,572.2,56970
2018-08-28,569.9,577.9,569.3,572.0,223105
2018-08-29,570.4,574.6,564.2,570.8,287536
2018-08-30,570.0,573.7,558.5,562.5,169067
2018-08-31,562.5,574.3,560.4,573.2,186143
2018-09-03,570.0,572.9,560.1,566.4,225293
2018-09-04,565.7,567.9,553.0,553.0,231967
2018-09-05,558.0,558.6,550.5,556.5,253816
2018-09-06,546.1,555.0,546.1,555.0,231435
2018-09-07,555.0,555.0,538.4,543.0,328191
2018-09-10,545.1,552.8,539.5,549.1,140676
2018-09-11,550.5,551.0,539.3,542.4,113807
2018-09-12,545.0,549.1,541.0,545.0,155651
2018-09-13,545.0,550.6,540.6,541.5,157445
2018-09-14,543.7,549.3,537.0,537.0,402870
2018-09-17,540.4,540.4,534.6,535.3,243410
2018-09-18,540.0,543.8,531.7,533.3,437547
2018-09-19,535.0,551.0,533.1,548.0,401164
2018-09-20,548.0,571.0,545.0,562.8,787839
2018-09-21,567.6,569.1,552.2,554.0,234333
2018-09-24,556.0,557.0,550.6,552.1,103466
2018-09-25,554.5,554.5,542.3,552.0,185104
2018-09-26,550.0,556.3,549.2,550.9,219259
2018-09-27,549.0,549.9,535.1,536.9,353523
2018-09-28,539.6,539.7,524.2,526.2,404298
2018-10-01,529.2,529.2,515.5,516.2,303125
2018-10-02,517.0,526.9,516.5,522.6,441176
2018-10-03,524.2,530.5,521.6,529.3,209009
2018-10-04,530.0,534.0,523.6,532.5,176627
2018-10-05,531.0,533.1,521.3,528.3,185625
2018-10-08,529.7,534.8,526.1,526.2,153965
2018-10-09,528.9,532.0,525.8,528.3,154045
2018-10-10,526.2,538.0,526.1,533.4,259816
2018-10-11,529.1,562.2,529.1,560.0,548767
2018-10-12,553.4,585.0,552.2,578.5,727131
2018-10-15,571.2,590.0,570.3,589.0,302467
2018-10-16,590.0,620.0,585.7,616.8,696839
2018-10-17,616.7,628.0,613.8,619.0,696242
2018-10-18,612.2,624.0,607.6,624.0,414764
2018-10-19,625.5,629.9,615.0,626.0,415900
2018-10-22,627.6,640.0,618.0,623.3,361410
2018-10-23,620.0,634.8,617.0,631.0,430699
2018-10-24,631.0,632.8,612.0,620.2,232977
2018-10-25,615.1,621.3,607.0,614.9,180134
2018-10-26,614.9,615.0,600.3,615.0,235327
2018-10-29,612.8,617.7,599.1,601.3,293991
2018-10-30,603.6,609.2,591.8,601.3,279250
2018-10-31,602.4,614.5,601.3,608.0,268281
2018-11-01,609.8,625.0,602.5,624.0,324321
2018-11-02,623.5,630.0,617.0,619.4,286886
2018-11-06,620.9,624.6,611.0,615.0,198460
2018-11-07,618.6,629.9,615.1,625.0,456265
2018-11-08,625.5,631.5,621.9,630.5,300373
2018-11-09,627.8,632.1,618.9,628.7,225904
2018-11-12,623.2,630.9,617.3,621.4,238011
2018-11-13,615.0,632.1,611.1,620.0,754409
2018-11-14,625.0,664.4,624.6,649.2,2822633
2018-11-15,649.1,653.7,630.3,630.4,998965
2018-11-16,630.0,655.0,629.3,646.3,1124071
2018-11-19,649.9,655.0,642.2,651.1,880672
2018-11-20,653.5,657.0,641.7,653.9,979196
2018-11-21,653.8,664.9,646.8,664.7,1197165
2018-11-22,664.0,669.0,651.3,666.1,1325943
2018-11-23,666.0,672.9,655.6,661.0,1290627
2018-11-26,665.0,690.0,643.2,690.0,1107337
2018-11-27,690.0,695.0,666.0,684.4,1121344
2018-11-28,680.1,693.8,675.6,682.0,1272930
2018-11-29,689.0,692.6,665.1,668.0,1173256
2018-11-30,672.0,679.9,642.5,667.3,10912070
2018-12-03,666.8,680.5,661.0,663.6,751031
2018-12-04,661.0,682.3,661.0,682.3,431845
2018-12-05,677.6,682.0,669.1,674.1,298130
2018-12-06,674.6,678.9,661.3,678.9,207695
2018-12-07,675.1,688.0,671.0,683.0,302422
2018-12-10,684.3,685.0,676.0,676.0,113587
2018-12-11,680.6,694.0,675.7,682.6,448737
2018-12-12,676.1,693.0,676.1,693.0,344805
2018-12-13,693.0,703.0,687.6,702.5,442930
2018-12-14,701.2,701.2,689.3,699.0,123655
2018-12-17,692.9,709.0,692.0,699.0,198015
2018-12-18,700.2,706.9,693.3,705.2,265747
2018-12-19,704.1,727.0,703.3,727.0,326174
2018-12-20,722.7,740.0,699.6,740.0,478825
2018-12-21,737.5,745.3,723.1,745.3,529231
2018-12-24,745.0,750.0,724.2,734.3,190661
2018-12-25,734.3,734.3,715.0,731.0,67002
2018-12-26,733.4,739.3,728.2,734.0,65309
2018-12-27,733.0,739.0,717.1,739.0,251072
2018-12-28,738.0,743.8,726.5,736.3,198874
2019-01-03,736.0,748.0,726.2,748.0,108204
2019-01-04,746.9,756.4,740.2,747.2,92248
2019-01-08,748.0,748.1,731.0,732.1,82555
2019-01-09,730.0,739.7,727.5,739.7,91629
2019-01-10,739.5,742.1,730.4,737.5,163964
2019-01-11,738.8,740.0,731.0,740.0,151980
2019-01-14,740.0,740.0,732.7,738.6,76739
2019-01-15,740.4,743.6,731.0,734.6,116585
2019-01-16,738.8,738.8,725.2,730.0,120334
2019-01-17,730.3,732.4,720.3,729.0,123322
2019-01-18,726.0,736.7,720.0,725.0,128455
2019-01-21,727.0,727.0,717.4,721.9,118743
2019-01-22,721.7,730.7,717.1,730.5,153220
2019-01-23,732.2,735.2,724.9,735.2,140040
2019-01-24,731.0,734.3,721.8,726.6,167351
2019-01-25,728.8,735.0,725.0,732.0,124865
2019-01-28,735.5,737.6,730.9,737.6,90407
2019-01-29,737.6,749.0,735.0,743.6,402040
2019-01-30,746.5,748.5,737.7,740.7,120159
2019-01-31,745.0,750.0,734.5,746.9,174906
2019-02-01,747.7,754.9,734.6,739.7,205415
2019-02-04,746.9,746.9,738.2,740.6,69886
2019-02-05,740.7,745.7,732.3,740.2,85157
2019-02-06,739.2,741.0,732.0,732.6,93746
2019-02-07,732.6,735.9,725.0,734.9,61428
2019-02-08,728.4,735.5,722.5,724.0,125461
2019-02-11,723.4,728.8,717.1,721.8,159050
2019-02-12,725.4,735.0,720.1,732.6,173707
2019-02-13,732.9,734.8,723.3,725.5,147437
2019-02-14,723.9,738.5,723.6,736.8,175499
2019-02-15,736.9,739.9,726.4,735.2,155013
2019-02-18,732.5,747.3,732.0,746.4,186371
2019-02-19,747.4,750.0,741.2,749.9,164484
2019-02-20,750.1,758.2,744.8,755.8,240329
2019-02-21,757.5,774.2,755.0,760.9,398929
2019-02-22,762.6,768.6,757.5,766.4,227094
2019-02-25,766.7,776.7,751.3,754.6,245113
2019-02-26,754.6,765.8,750.4,763.5,205907
2019-02-27,767.3,774.1,758.6,770.0,713759
2019-02-28,769.7,778.0,756.1,778.0,441202
2019-03-01,771.9,771.9,754.3,756.6,213635
2019-03-04,757.5,760.0,731.1,731.1,270128
2019-03-05,734.7,743.4,727.2,733.3,164583
2019-03-06,735.6,745.3,735.6,745.3,216684
2019-03-07,745.3,745.3,735.1,737.1,95459
2019-03-11,740.6,750.0,729.2,743.8,290977
2019-03-12,744.9,754.4,740.4,749.0,90325
2019-03-13,754.3,755.0,745.5,750.0,96874
2019-03-14,751.0,754.7,745.7,749.0,115270
2019-03-15,753.3,754.4,745.9,746.7,243387
2019-03-18,746.4,751.1,736.1,736.1,156992
2019-03-19,738.2,749.3,734.4,737.1,143153
2019-03-20,737.1,739.4,729.6,738.4,166457
2019-03-21,737.4,746.4,729.2,733.0,336939
2019-03-22,734.2,743.7,725.0,743.7,211624
2019-03-25,738.9,744.0,730.7,737.9,189262
2019-03-26,739.0,743.0,734.8,736.8,71426
2019-03-27,739.3,740.5,734.1,738.0,83610
2019-03-28,739.0,742.5,733.0,735.0,94041
2019-03-29,737.9,739.7,725.3,737.9,193280
2019-04-01,735.2,743.0,733.5,735.1,160938
2019-04-02,737.0,737.0,728.0,732.0,141811
2019-04-03,732.7,738.1,715.2,721.4,234684
2019-04-04,724.2,728.8,710.0,710.0,248062
2019-04-05,706.3,717.1,702.8,710.0,298214
2019-04-08,710.0,717.7,710.0,715.0,188748
2019-04-09,715.0,715.6,704.5,709.2,235635
2019-04-10,707.0,712.4,705.4,709.0,122315
2019-04-11,710.9,710.9,683.5,685.0,206461
2019-04-12,689.0,691.8,675.0,687.9,169068
2019-04-15,687.9,687.9,674.1,678.0,180266
2019-04-16,679.8,690.1,675.5,688.7,476547
2019-04-17,688.7,693.6,667.8,675.8,268029
2019-04-18,676.0,686.4,673.1,683.0,202953
2019-04-19,681.9,684.8,676.7,680.2,36045
2019-04-22,682.8,689.0,681.4,688.8,41761
2019-04-23,687.4,687.4,661.0,663.4,321692
2019-04-24,666.1,666.1,655.7,665.0,156701
2019-04-25,664.0,672.4,660.3,665.7,325121
2019-04-26,664.6,673.9,662.3,673.9,101260
2019-04-29,672.0,681.1,664.8,666.0,139863
2019-04-30,670.6,678.4,667.0,678.4,135465
2019-05-02,676.1,676.6,668.7,672.0,83909
2019-05-03,672.7,684.7,669.8,684.0,138347
2019-05-06,684.0,687.0,678.9,685.0,83403
2019-05-07,685.0,691.3,683.3,688.0,202537
2019-05-08,673.5,674.1,659.3,659.3,250077
2019-05-10,661.5,663.3,656.2,657.3,154616
2019-05-13,657.4,660.3,649.8,655.5,206516
2019-05-14,658.0,681.5,658.0,674.7,557243
2019-05-15,670.1,677.3,664.5,674.8,282626
2019-05-16,669.5,680.0,666.2,669.7,392081
2019-05-17,663.2,677.1,663.2,675.0,301788
2019-05-20,673.6,680.6,669.3,675.0,274816
2019-05-21,678.6,679.9,671.5,679.4,263212
2019-05-22,677.9,681.8,666.8,678.4,283070
2019-05-23,675.6,680.2,665.2,680.2,331742
2019-05-24,679.6,683.3,671.8,682.1,346991
2019-05-27,681.8,690.8,679.0,682.9,204123
2019-05-28,686.8,686.8,668.2,680.0,2624943
2019-05-29,675.5,684.5,673.7,682.0,189044
2019-05-30,681.7,682.6,675.0,681.6,163838
2019-05-31,681.7,700.5,678.6,700.5,313370
2019-06-03,700.1,719.1,700.0,712.4,276859
2019-06-04,715.0,721.6,709.2,720.8,191295
2019-06-05,722.2,726.5,713.9,723.3,149068
2019-06-06,722.0,728.6,717.4,726.8,187482
2019-06-07,728.0,729.9,718.9,729.2,166175
2019-06-10,726.2,726.8,715.4,720.3,119545
2019-06-11,717.3,726.0,717.3,726.0,302846
2019-06-13,727.0,731.6,723.9,728.7,269368
2019-06-14,729.1,734.3,725.5,726.3,307776
2019-06-17,725.5,728.3,719.2,719.2,252045
2019-06-18,723.7,732.0,718.6,729.0,308478
2019-06-19,730.0,732.6,718.6,730.0,170132
2019-06-20,733.1,747.5,731.9,747.5,443793
2019-06-21,755.0,763.9,742.3,752.7,483749
2019-06-24,759.8,770.3,757.1,769.5,243042
2019-06-25,770.9,792.0,770.9,789.7,314171
2019-06-26,781.9,794.5,773.0,794.5,239061
2019-06-27,787.1,799.5,786.6,797.5,156120
2019-06-28,800.0,807.5,796.3,802.8,203621
2019-07-01,790.2,793.8,782.0,782.0,125817
2019-07-02,785.6,806.0,782.3,806.0,139481
2019-07-03,806.6,820.1,800.1,812.6,189628
2019-07-04,806.2,814.7,801.1,814.7,120609
2019-07-05,814.9,824.6,804.6,819.4,185540
2019-07-08,821.3,827.6,816.9,827.0,246939
2019-07-09,825.9,826.2,793.3,799.7,519377
2019-07-10,787.0,787.0,756.4,769.6,1726583
2019-07-11,776.4,778.9,763.5,768.9,323913
2019-07-12,771.9,777.3,766.0,768.0,199556
2019-07-15,772.6,783.0,769.6,773.0,286864
2019-07-16,778.7,778.7,764.7,775.7,219809
2019-07-17,773.7,779.5,768.3,777.0,315211
2019-07-18,776.8,784.6,771.6,779.1,172869
2019-07-19,784.4,793.4,784.2,785.1,375170
2019-07-22,788.5,790.5,780.8,790.0,295075
2019-07-23,789.2,789.3,779.3,783.0,260525
2019-07-24,787.9,820.8,775.1,794.0,213520
2019-07-25,794.1,809.9,790.4,803.0,305077
2019-07-26,804.0,804.8,780.4,787.0,269955
2019-07-29,781.5,791.9,779.0,779.6,221529
2019-07-30,783.4,784.0,771.5,779.2,206888
2019-07-31,780.3,780.3,765.8,770.3,320478
2019-08-01,765.8,769.0,747.6,764.2,264819
2019-08-02,769.2,789.9,765.3,782.4,302386
2019-08-05,791.0,796.4,782.3,785.3,370577
2019-08-06,789.0,815.9,788.5,805.3,385930
2019-08-07,809.0,841.2,809.0,832.8,568838
2019-08-08,836.2,844.0,823.5,829.2,347613
2019-08-09,837.1,848.5,832.6,835.4,415367
2019-08-12,839.5,854.0,828.0,853.1,254984
2019-08-13,865.0,869.4,825.3,832.0,791396
2019-08-14,839.0,861.0,820.8,850.0,328641
2019-08-15,855.0,868.9,854.0,864.0,307724
2019-08-16,867.8,875.0,834.0,864.0,446448
2019-08-19,869.9,879.0,866.8,872.0,335976
2019-08-20,875.0,894.6,872.0,889.7,187675
2019-08-21,892.0,892.1,876.4,880.1,317388
2019-08-22,885.0,890.7,877.3,886.0,207309
2019-08-23,889.8,902.4,880.6,895.0,256297
2019-08-26,903.1,924.7,898.1,915.0,335011
2019-08-27,923.9,969.6,916.7,969.6,1528777
2019-08-28,954.9,970.0,938.3,970.0,940174
2019-08-29,972.0,986.3,955.1,961.9,511990
2019-08-30,959.0,965.5,922.9,964.7,983609
2019-09-02,965.0,965.1,936.5,949.0,563371
2019-09-03,949.3,978.0,943.9,971.6,751789
2019-09-04,975.0,978.0,962.0,971.6,581070
2019-09-05,960.6,974.1,930.6,948.9,730554
2019-09-06,936.2,943.5,925.2,939.0,626074
2019-09-09,938.0,938.9,922.6,926.7,381534
2019-09-10,922.2,922.2,890.1,922.0,457923
2019-09-11,915.0,939.4,913.0,937.0,297562
2019-09-12,932.0,945.9,930.1,940.1,310604
2019-09-13,935.7,935.9,907.1,916.0,469635
2019-09-16,914.9,918.4,893.6,908.0,572350
2019-09-17,903.4,918.5,891.2,918.5,426539
2019-09-18,917.0,925.0,905.8,925.0,259332
2019-09-19,915.3,924.1,905.0,911.5,347003
2019-09-20,911.5,921.8,908.9,919.6,240310
2019-09-23,920.1,923.8,910.5,919.4,330192
2019-09-24,922.0,937.7,919.1,927.9,392168
2019-09-25,927.8,939.7,926.1,932.0,276447
2019-09-26,930.0,938.6,921.9,938.0,252445
2019-09-27,932.0,933.9,905.7,910.3,429981
2019-09-30,908.1,919.0,897.1,912.7,323056
2019-10-01,903.6,910.9,885.0,910.0,574728
2019-10-02,908.3,918.5,902.9,910.9,273640
2019-10-03,916.1,916.1,895.1,904.9,223162
2019-10-04,909.8,911.6,898.0,904.2,215978
2019-10-07,907.7,918.4,903.3,912.5,248846
2019-10-08,901.1,939.4,901.1,938.4,382298
2019-10-09,939.8,954.4,928.1,929.0,396231
2019-10-10,928.0,934.0,917.5,919.1,226926
2019-10-11,919.1,943.6,915.7,925.8,454386
2019-10-14,925.6,938.0,917.0,935.0,158110
2019-10-15,936.4,954.8,930.5,937.0,391445
2019-10-16,932.7,951.7,930.4,947.9,316414
2019-10-17,949.8,965.5,936.7,960.7,295521
2019-10-18,961.3,974.3,953.0,967.5,263309
2019-10-21,960.0,980.0,960.0,978.9,286470
2019-10-22,984.2,984.2,968.0,975.8,249059
2019-10-23,975.8,979.8,962.8,979.8,267681
2019-10-24,980.3,1013.5,976.0,1013.5,478240
2019-10-25,1016.6,1016.6,988.0,998.6,328174
2019-10-28,994.0,1014.1,993.0,1001.9,220262
2019-10-29,1005.9,1014.8,989.1,1014.8,444793
2019-10-30,1014.0,1031.5,1003.3,1031.5,268839
2019-10-31,1027.4,1056.0,1027.4,1052.0,305738
2019-11-01,1048.1,1063.7,1025.0,1045.4,231561
2019-11-05,1049.5,1060.0,1011.8,1018.6,348116
2019-11-06,1013.0,1035.1,1013.0,1035.1,348613
2019-11-07,1039.8,1040.0,996.4,999.1,513052
2019-11-08,1000.0,1009.7,967.0,988.0,419687
2019-11-11,988.5,1002.5,961.4,965.0,489905
2019-11-12,965.0,965.0,946.3,960.5,303648
2019-11-13,965.0,987.8,960.1,987.1,344995
2019-11-14,988.5,997.0,968.8,974.9,219617
2019-11-15,972.8,987.9,962.9,964.9,301289
2019-11-18,965.5,982.3,961.4,982.3,249809
2019-11-19,983.0,993.3,964.2,971.3,382823
2019-11-20,971.0,981.1,964.0,966.4,193415
2019-11-21,967.0,967.0,952.0,953.5,216650
2019-11-22,953.5,962.8,949.1,954.6,292157
2019-11-25,954.6,956.0,941.4,952.0,197723
2019-11-26,953.9,960.6,942.9,953.5,1104886
2019-11-27,953.0,965.0,949.0,965.0,301965
2019-11-28,960.0,966.0,954.0,960.0,111125
2019-11-29,960.3,965.8,953.6,965.8,173714
2019-12-02,964.8,974.9,960.2,974.9,206864
2019-12-03,972.4,999.5,968.0,994.9,412222
2019-12-04,999.0,1016.8,982.2,1003.9,594774
2019-12-05,1005.0,1017.9,996.8,1011.0,593687
2019-12-06,1008.3,1008.7,991.5,1003.6,236441
2019-12-09,1006.2,1007.0,993.2,1000.9,148997
2019-12-10,996.5,999.8,977.3,980.0,229907
2019-12-11,980.0,1005.0,978.0,999.5,183990
2019-12-12,1005.0,1017.3,996.0,996.0,240726
2019-12-13,991.1,1021.2,965.1,975.7,435722
2019-12-16,980.0,988.0,972.0,976.8,235695
2019-12-17,984.9,992.8,966.2,970.2,353851
2019-12-18,970.0,979.0,958.1,967.1,372702
2019-12-19,966.8,973.5,945.7,948.0,456210
2019-12-20,950.0,957.9,931.1,934.6,315523
2019-12-23,936.1,958.0,936.1,943.5,309120
2019-12-24,951.5,951.9,938.3,943.8,106879
2019-12-25,949.0,949.0,940.0,944.5,58064
2019-12-26,944.5,959.6,941.4,955.3,133344
2019-12-27,955.0,966.9,953.6,966.9,251206
2019-12-30,963.6,971.4,959.1,971.0,367817
2020-01-03,978.4,989.3,967.1,989.3,286289
2020-01-06,995.0,1005.0,993.3,1002.9,373020
2020-01-08,1008.8,1016.1,970.4,974.1,645392
2020-01-09,972.8,972.8,943.0,968.9,505259
2020-01-10,968.9,989.0,955.0,981.0,445916
2020-01-13,981.0,991.2,969.1,991.2,244067
2020-01-14,983.0,995.0,977.2,991.7,266515
2020-01-15,992.0,1004.6,985.3,1001.2,309927
2020-01-16,995.2,1006.0,994.0,996.4,130486
2020-01-17,999.0,1005.4,990.1,1005.3,197855
2020-01-20,1005.3,1009.3,996.7,1006.0,153990
2020-01-21,1008.0,1017.9,1001.3,1016.1,435535
2020-01-22,1016.0,1029.0,1007.6,1024.0,282630
2020-01-23,1023.1,1044.0,1014.0,1028.4,315257
2020-01-24,1029.0,1037.8,1017.6,1029.0,140666
2020-01-27,1036.4,1051.5,1031.0,1044.9,465975
2020-01-28,1043.9,1044.5,1019.2,1023.5,481631
2020-01-29,1021.8,1028.8,1008.0,1017.8,432507
2020-01-30,1023.6,1051.0,1018.2,1050.6,338726
2020-01-31,1047.0,1082.2,1035.0,1082.2,431412
2020-02-03,1086.9,1116.8,1042.5,1042.5,916883
2020-02-04,1042.0,1057.0,1006.0,1006.9,770140
2020-02-05,1016.0,1019.9,984.1,1002.8,633040
2020-02-06,1002.8,1032.0,986.3,1032.0,773450
2020-02-07,1029.9,1063.0,1017.0,1056.7,524813
2020-02-10,1056.0,1073.1,1051.4,1067.1,435062
2020-02-11,1059.8,1073.8,1050.7,1065.5,481254
2020-02-12,1064.0,1064.0,1033.5,1041.0,367137
2020-02-13,1055.0,1057.8,1041.0,1056.0,460105
2020-02-14,1056.8,1057.5,1042.5,1052.5,161377
2020-02-17,1049.8,1055.0,1041.0,1048.6,121760
2020-02-18,1049.9,1073.0,1048.1,1069.8,348928
2020-02-19,1073.9,1098.9,1071.1,1080.0,410284
2020-02-20,1086.0,1098.5,1076.0,1081.0,366433
2020-02-21,1091.7,1124.5,1090.3,1121.4,389938
2020-02-25,1126.0,1175.0,1118.8,1120.3,805615
2020-02-26,1110.0,1140.0,1099.8,1100.0,556389
2020-02-27,1121.0,1133.9,1101.7,1106.4,714446
2020-02-28,1105.7,1105.7,980.1,1025.1,1035116
2020-03-02,1055.0,1069.8,1023.0,1041.0,491346
2020-03-03,1045.0,1071.9,1036.0,1064.3,346813
2020-03-04,1070.0,1104.1,1041.0,1099.7,457844
2020-03-05,1100.0,1118.0,1076.0,1117.1,422630
2020-03-06,1121.1,1179.8,1110.8,1149.6,815694
2020-03-10,1150.0,1265.4,1150.0,1222.0,1774880
2020-03-11,1246.0,1248.4,1200.0,1210.7,625458
2020-03-12,1220.0,1222.4,1115.3,1123.0,1090773
2020-03-13,1100.6,1150.1,1068.4,1104.0,846792
2020-03-16,1104.0,1161.8,1013.8,1015.8,1000952
2020-03-17,999.0,1030.0,907.3,995.5,2094523
2020-03-18,960.0,1067.6,960.0,1008.6,1263571
2020-03-19,1027.4,1044.9,917.3,998.9,1506817
2020-03-20,1032.0,1126.6,1006.5,1042.9,1626600
2020-03-23,1022.2,1166.3,936.2,1025.0,2423972
2020-03-24,1053.1,1212.0,1052.4,1190.6,1563006
2020-03-25,1212.4,1265.0,1163.5,1190.3,1112058
2020-03-26,1188.0,1255.9,1151.1,1240.9,961185
2020-03-27,1259.0,1275.0,1211.0,1270.1,663932
2020-03-30,1275.0,1394.6,1210.0,1376.0,1128531
2020-03-31,1369.9,1398.7,1320.0,1354.4,1512682
2020-04-01,1349.9,1370.9,1282.3,1283.5,1148658
2020-04-02,1299.9,1344.8,1280.0,1333.3,886053
2020-04-03,1333.3,1339.3,1288.0,1297.4,697265
2020-04-06,1306.9,1337.8,1302.1,1326.0,878674
2020-04-07,1334.0,1348.0,1287.0,1307.0,966158
2020-04-08,1306.8,1324.5,1270.0,1324.5,607850
2020-04-09,1320.2,1396.1,1301.6,1396.1,938506
2020-04-10,1395.9,1414.7,1368.4,1408.0,393980
2020-04-13,1396.2,1438.5,1375.4,1435.4,424652
2020-04-14,1436.2,1517.0,1436.2,1498.8,1446510
2020-04-15,1480.9,1490.0,1415.1,1432.0,941393
2020-04-16,1437.0,1496.0,1425.2,1435.5,1069592
2020-04-17,1424.0,1452.7,1389.5,1402.9,1283188
2020-04-20,1398.0,1447.7,1382.8,1427.8,603466
2020-04-21,1430.2,1507.9,1430.2,1453.0,1662007
2020-04-22,1460.0,1530.2,1460.0,1524.8,1199804
2020-04-23,1531.8,1594.4,1502.0,1558.2,1256501
2020-04-24,1552.7,1584.2,1540.0,1560.0,1101736
2020-04-27,1578.2,1597.8,1544.8,1568.0,1166778
2020-04-28,1550.0,1576.9,1541.4,1566.6,1213799
2020-04-29,1566.6,1566.6,1487.0,1498.4,1260268
2020-04-30,1526.8,1543.3,1501.6,1535.6,808629
2020-05-04,1539.0,1559.8,1520.3,1529.0,699224
2020-05-05,1520.6,1543.7,1517.3,1543.2,580612
2020-05-06,1543.2,1560.8,1522.4,1534.1,533573
2020-05-07,1512.0,1528.9,1489.0,1496.5,859854
2020-05-08,1513.9,1519.0,1491.1,1503.1,284924
2020-05-12,1496.3,1500.0,1428.5,1465.0,1394272
2020-05-13,1469.9,1489.6,1443.7,1484.0,880944
2020-05-14,1489.8,1490.9,1456.0,1478.0,677356
2020-05-15,1480.8,1512.0,1472.2,1507.0,488717
2020-05-18,1515.1,1557.0,1513.0,1529.9,691904
2020-05-19,1528.7,1538.8,1477.8,1518.0,874522
2020-05-20,1522.0,1545.4,1507.0,1522.1,722069
2020-05-21,1515.1,1515.2,1458.1,1474.3,810491
2020-05-22,1487.9,1497.0,1462.6,1480.5,683584
2020-05-25,1475.0,1503.3,1460.0,1503.3,198757
2020-05-26,1501.8,1502.5,1449.0,1449.0,751612
2020-05-27,1447.7,1448.0,1383.6,1408.4,964835
2020-05-28,1424.6,1443.0,1418.2,1438.6,589901
2020-05-29,1432.7,1453.0,1401.5,1413.5,2431397
2020-06-01,1440.0,1440.0,1382.0,1409.0,676233
2020-06-02,1402.0,1409.9,1383.7,1398.2,537618
2020-06-03,1389.3,1389.3,1281.0,1309.5,1951735
2020-06-04,1313.7,1324.5,1283.5,1309.0,1269856
2020-06-05,1294.0,1301.7,1211.6,1235.0,1288905
2020-06-08,1238.0,1249.9,1210.7,1245.9,941539
2020-06-09,1247.2,1286.5,1231.4,1286.5,1649925
2020-06-10,1285.5,1319.8,1272.8,1306.6,1284458
2020-06-11,1324.6,1365.3,1320.1,1356.0,1390579
2020-06-15,1353.5,1353.5,1264.7,1283.7,978338
2020-06-16,1298.0,1318.0,1264.7,1281.0,884014
2020-06-17,1284.8,1299.0,1271.3,1288.9,821846
2020-06-18,1288.9,1308.9,1273.2,1289.6,744764
2020-06-19,1295.0,1315.0,1282.0,1315.0,683316
2020-06-22,1323.1,1340.0,1305.7,1324.6,1283350
2020-06-23,1325.0,1359.0,1314.7,1348.7,734490
2020-06-25,1342.0,1366.9,1319.8,1327.8,649761
2020-06-26,1329.0,1348.0,1320.2,1338.6,634017
2020-06-29,1352.8,1377.0,1200.0,1364.9,953485
2020-06-30,1368.2,1421.0,1366.0,1392.8,1383463
2020-07-02,1383.0,1394.4,1343.0,1388.5,974817
2020-07-03,1375.7,1407.1,1372.0,1399.5,371969
2020-07-06,1398.9,1419.2,1384.5,1405.1,657239
2020-07-07,1398.6,1437.8,1392.2,1422.8,1110396
2020-07-08,1409.0,1436.8,1406.1,1430.0,2164780
2020-07-09,1430.0,1452.7,1421.1,1436.2,1404414
2020-07-10,1430.1,1460.7,1411.0,1438.0,1083674
2020-07-13,1440.0,1467.0,1429.7,1433.0,1216855
2020-07-14,1433.3,1435.7,1365.1,1423.0,1246251
2020-07-15,1420.9,1455.4,1417.3,1449.0,942967
2020-07-16,1442.5,1452.4,1423.0,1437.0,707711
2020-07-17,1440.0,1460.0,1425.2,1450.0,656910
2020-07-20,1457.9,1498.6,1451.0,1498.1,618965
2020-07-21,1500.9,1523.9,1485.4,1512.0,1064888
2020-07-22,1520.3,1575.0,1519.0,1575.0,1181766
2020-07-23,1590.0,1659.8,1564.2,1636.6,2061559
2020-07-24,1636.6,1686.8,1623.0,1679.8,1362961
2020-07-27,1715.1,1823.0,1700.1,1800.0,2079321
2020-07-28,1773.1,1802.0,1732.2,1781.1,1751439
2020-07-29,1798.8,1832.3,1783.9,1821.9,1073527
2020-07-30,1787.8,1839.4,1781.4,1805.3,821435
2020-07-31,1841.4,1873.0,1829.0,1849.8,923180
2020-08-03,1866.0,1872.9,1836.5,1846.4,610495
2020-08-04,1849.9,1897.8,1805.0,1894.1,1235715
2020-08-05,1898.0,1965.0,1897.9,1946.9,1674540
2020-08-06,1965.4,1979.6,1930.2,1963.0,1094019
2020-08-07,1954.9,1973.0,1887.9,1927.9,1038171
2020-08-10,1937.5,1962.7,1902.0,1934.9,536511
2020-08-11,1907.0,1907.0,1786.3,1810.1,1629697
2020-08-12,1797.0,1929.0,1791.2,1880.1,1417292
2020-08-13,1885.8,1931.0,1872.9,1917.5,696374
2020-08-14,1905.0,1910.0,1880.0,1892.1,422189
2020-08-17,1909.9,1968.4,1900.2,1960.2,839646
2020-08-18,1975.1,1991.6,1945.2,1956.0,689412
2020-08-19,1936.0,1964.3,1885.0,1895.0,610887
2020-08-20,1907.4,1939.0,1872.0,1928.8,659483
2020-08-21,1931.1,1932.0,1866.0,1913.8,945002
2020-08-24,1923.0,1947.9,1902.6,1921.0,607694
2020-08-25,1921.0,1939.7,1917.3,1938.8,356413
2020-08-26,1949.8,1988.0,1914.0,1985.2,1036070
2020-08-27,1977.8,2004.2,1927.8,1943.3,1296627
2020-08-28,1960.0,2036.0,1942.6,2025.3,1319895
2020-08-31,2031.7,2084.5,1965.2,2004.9,1350391
2020-09-01,2035.0,2061.3,2005.0,2049.3,1319613
2020-09-02,2030.9,2043.0,1964.0,1984.0,807925
2020-09-03,1969.0,1969.9,1904.1,1925.0,892653
2020-09-04,1924.8,1955.0,1894.3,1932.0,915918
2020-09-07,1934.7,2027.0,1923.9,2005.5,1949608
2020-09-08,2007.4,2027.8,1902.3,1948.1,1817091
2020-09-09,1895.0,1920.9,1861.0,1911.0,4542506
2020-09-10,1917.9,1927.6,1892.8,1916.9,1534866
2020-09-11,1915.9,1923.5,1897.9,1917.5,956047
2020-09-14,1929.1,1930.5,1863.5,1883.3,1269297
2020-09-15,1884.9,1896.0,1872.3,1884.4,1146246
2020-09-16,1880.4,1906.0,1877.4,1896.0,1039234
2020-09-17,1874.5,1888.7,1771.1,1772.1,2519815
2020-09-18,1775.8,1778.2,1726.9,1750.4,2445718
2020-09-21,1744.8,1744.8,1641.4,1688.7,2401625
2020-09-22,1700.0,1701.0,1633.9,1659.6,2119392
2020-09-23,1631.9,1657.0,1603.9,1614.0,2017077
2020-09-24,1617.7,1700.1,1584.2,1694.0,2224416
2020-09-25,1683.2,1690.0,1639.4,1672.5,1266965
2020-09-28,1667.0,1723.7,1659.0,1706.0,1061254
2020-09-29,1705.0,1734.0,1685.1,1725.9,1010642
2020-09-30,1714.0,1718.0,1677.4,1680.0,1080784
2020-10-01,1694.7,1707.9,1666.3,1690.8,733058
2020-10-02,1709.9,1729.5,1691.2,1712.9,1133186
2020-10-05,1714.8,1727.6,1687.0,1717.6,1257035
2020-10-06,1724.2,1724.2,1660.0,1662.1,1340645
2020-10-07,1674.0,1685.6,1660.6,1680.9,626905
2020-10-08,1681.3,1691.4,1658.8,1675.0,939313
2020-10-09,1683.9,1709.0,1680.2,1701.6,756180
2020-10-12,1713.4,1730.7,1700.0,1724.1,986349
2020-10-13,1712.0,1741.8,1710.1,1723.0,794374
2020-10-14,1728.0,1800.0,1719.0,1798.9,1422469
2020-10-15,1800.0,1806.6,1760.1,1780.8,1086170
2020-10-16,1784.0,1808.2,1771.4,1786.8,885989
2020-10-19,1795.0,1807.5,1786.9,1796.0,489451
2020-10-20,1795.9,1795.9,1764.1,1772.5,676391
2020-10-21,1779.3,1784.0,1732.0,1773.6,911120
2020-10-22,1784.9,1819.8,1772.5,1783.4,1410269
2020-10-23,1788.7,1798.2,1743.2,1768.8,724063
2020-10-26,1762.0,1776.0,1741.5,1750.1,544772
2020-10-27,1758.1,1782.5,1745.5,1770.3,864044
2020-10-28,1770.0,1783.8,1530.0,1696.8,1519455
2020-10-29,1717.8,1730.0,1676.0,1694.2,1035359
2020-10-30,1694.2,1701.8,1639.0,1672.3,956558
2020-11-02,1687.8,1765.0,1680.0,1755.5,1199266
2020-11-03,1746.0,1809.3,1734.2,1795.7,1500676
2020-11-05,1808.0,1869.4,1800.1,1848.2,1390775
2020-11-06,1831.1,1933.9,1830.1,1925.1,1543852
2020-11-09,1940.0,1979.1,1672.0,1762.0,6310254
2020-11-10,1765.0,1798.6,1676.0,1714.7,4083712
2020-11-11,1717.0,1718.4,1660.0,1700.7,2528424
2020-11-12,1700.7,1746.1,1691.4,1713.7,2123949
2020-11-13,1715.0,1742.0,1700.0,1732.1,1466959
2020-11-16,1744.8,1749.7,1691.2,1718.0,1693499
2020-11-17,1716.0,1721.4,1686.0,1696.2,1015456
2020-11-18,1698.0,1721.4,1660.0,1705.3,1317179
2020-11-19,1704.0,1706.9,1682.4,1694.0,848742
2020-11-20,1695.4,1704.4,1680.5,1694.6,535936
2020-11-23,1698.8,1701.9,1616.1,1645.8,1928585
2020-11-24,1631.0,1650.7,1579.0,1607.2,2445738
2020-11-25,1597.3,1601.5,1571.4,1587.8,1419138
2020-11-26,1592.0,1648.6,1591.0,1630.3,1418726
2020-11-27,1626.0,1635.0,1590.6,1610.0,1100536
2020-11-30,1600.3,1619.6,1567.0,1593.0,1925024
2020-12-01,1603.6,1685.4,1598.9,1676.4,1922941
2020-12-02,1665.0,1687.0,1636.6,1667.0,1601621
2020-12-03,1674.6,1698.0,1651.0,1657.0,1392106
2020-12-04,1664.6,1669.8,1611.1,1628.0,1293591
2020-12-07,1634.4,1643.0,1594.9,1633.1,1406836
2020-12-08,1640.0,1672.6,1631.0,1663.7,1328321
2020-12-09,1654.5,1672.0,1637.0,1646.6,1034666
2020-12-10,1641.5,1656.0,1625.3,1642.7,725489
2020-12-11,1646.9,1649.6,1631.0,1639.7,759162
2020-12-14,1639.9,1639.9,1589.0,1598.6,1805110
2020-12-15,1617.7,1632.5,1593.8,1623.6,1307229
2020-12-16,1626.6,1642.9,1611.7,1637.7,823051
2020-12-17,1655.4,1719.2,1640.1,1705.9,2569766
2020-12-18,1697.7,1705.4,1665.6,1679.6,1462297
2020-12-21,1720.0,1739.0,1663.4,1691.1,2450189
2020-12-22,1680.1,1707.7,1670.3,1685.9,948444
2020-12-23,1690.0,1707.0,1680.0,1699.6,604883
2020-12-24,1704.1,1706.1,1691.4,1696.3,408979
2020-12-25,1699.3,1699.3,1683.8,1693.0,168902
2020-12-28,1707.5,1713.0,1678.6,1689.8,613941
2020-12-29,1687.5,1749.0,1687.5,1734.2,1412892
2020-12-30,1737.0,1758.0,1726.6,1735.1,1343456
2021-01-04,1757.0,1858.0,1750.2,1831.2,2046382
2021-01-05,1825.3,1869.8,1798.0,1853.5,1946801
2021-01-06,1845.0,1856.2,1816.0,1841.9,1377752
2021-01-08,1832.0,1855.0,1761.0,1783.0,2482505
2021-01-11,1785.0,1805.2,1752.0,1761.0,1955516
2021-01-12,1782.8,1784.9,1705.0,1732.5,1720618
2021-01-13,1740.0,1744.6,1713.1,1734.3,840795
2021-01-14,1729.9,1732.3,1696.2,1707.7,1303769
2021-01-15,1707.0,1707.0,1656.2,1666.1,1458634
2021-01-18,1678.0,1699.0,1670.5,1689.3,990468
2021-01-19,1689.8,1697.9,1640.8,1659.6,1441955
2021-01-20,1669.0,1710.0,1661.0,1708.2,1265632
2021-01-21,1710.2,1729.0,1686.0,1700.1,1439744
2021-01-22,1689.4,1735.0,1675.6,1720.0,1994432
2021-01-25,1718.3,1755.0,1705.0,1742.4,1350702
2021-01-26,1735.0,1740.0,1697.8,1708.4,1074458
2021-01-27,1709.9,1713.0,1635.0,1658.7,2673259
2021-01-28,1644.0,1684.0,1618.0,1665.9,1872198
2021-01-29,1675.1,1692.0,1634.0,1640.1,2281962
2021-02-01,1690.5,1778.0,1671.8,1746.5,5480487
2021-02-02,1739.9,1739.9,1693.2,1712.0,2318594
2021-02-03,1715.0,1739.0,1695.0,1707.0,1216808
2021-02-04,1695.0,1702.3,1640.1,1670.8,2479817
2021-02-05,1667.4,1681.2,1653.4,1675.0,1505256
2021-02-08,1677.0,1689.4,1671.4,1681.0,1246595
2021-02-09,1691.0,1691.0,1656.2,1669.7,1198950
2021-02-10,1671.1,1677.0,1644.2,1654.2,1119849
2021-02-11,1655.5,1655.5,1629.0,1632.9,1016422
2021-02-12,1636.8,1654.0,1609.4,1647.3,1112253
2021-02-15,1651.0,1672.0,1642.3,1670.0,1129785
2021-02-16,1671.3,1676.6,1642.2,1651.2,1227819
2021-02-17,1649.0,1651.0,1588.0,1612.1,2166587
2021-02-18,1619.1,1619.2,1564.0,1586.7,1679792
2021-02-19,1580.8,1611.6,1565.0,1600.0,1265512
2021-02-22,1612.0,1624.0,1575.0,1620.0,1175164
2021-02-24,1605.0,1608.7,1557.7,1577.1,1552891
2021-02-25,1583.9,1584.0,1517.0,1529.1,2344679
2021-02-26,1512.2,1525.9,1477.0,1503.0,2616937
2021-03-01,1519.0,1525.6,1491.0,1497.1,1221565
2021-03-02,1496.1,1519.0,1467.9,1518.0,1666706
2021-03-03,1517.0,1542.0,1492.5,1500.7,2255535
2021-03-04,1504.8,1510.0,1465.1,1472.5,1435305
2021-03-05,1478.8,1509.0,1468.3,1501.5,1482458
2021-03-09,1505.0,1541.0,1500.3,1540.1,1506487
2021-03-10,1536.0,1561.2,1503.2,1510.3,1470897
2021-03-11,1522.6,1555.0,1516.6,1549.8,1645699
2021-03-12,1536.3,1543.6,1505.3,1523.8,1431628
2021-03-15,1526.0,1539.1,1511.9,1526.9,1204173
2021-03-16,1530.0,1536.0,1518.0,1529.8,998394
2021-03-17,1530.0,1542.9,1513.2,1539.1,1123785
2021-03-18,1545.1,1558.0,1538.8,1550.1,1663457
2021-03-19,1552.1,1567.7,1543.2,1550.9,919629
2021-03-22,1548.2,1557.5,1531.0,1537.4,641086
2021-03-23,1542.2,1548.7,1525.7,1529.0,580191
2021-03-24,1531.2,1534.6,1505.1,1513.8,765403
2021-03-25,1518.0,1518.0,1487.0,1497.6,780434
2021-03-26,1500.0,1507.1,1468.0,1491.0,1809762
2021-03-29,1481.3,1499.1,1476.2,1489.5,1058613
2021-03-30,1481.6,1485.5,1445.5,1455.2,1855004
2021-03-31,1462.3,1486.2,1450.0,1484.0,1227590
2021-04-01,1484.1,1512.0,1484.1,1505.1,1112884
2021-04-02,1510.2,1512.2,1501.6,1507.7,232444
2021-04-05,1509.8,1509.8,1488.0,1492.4,624251
2021-04-06,1498.6,1539.4,1496.3,1532.7,1831186
2021-04-07,1537.5,1543.6,1517.0,1520.5,822681
2021-04-08,1525.0,1539.1,1510.5,1526.0,1277935
2021-04-09,1523.0,1554.8,1517.7,1544.2,1267937
2021-04-12,1548.5,1559.0,1534.0,1548.1,977186
2021-04-13,1545.0,1587.9,1535.0,1578.0,1554375
2021-04-14,1582.6,1583.8,1546.5,1560.9,1173551
2021-04-15,1567.6,1612.9,1567.6,1609.3,1468761
2021-04-16,1608.5,1644.0,1584.0,1630.0,1789775
2021-04-19,1630.2,1687.8,1630.2,1661.1,2417621
2021-04-20,1667.3,1696.0,1664.4,1693.0,1992428
2021-04-21,1700.0,1713.0,1672.2,1693.5,2432775
2021-04-22,1700.0,1730.0,1691.2,1706.2,2900596
2021-04-23,1705.1,1709.8,1674.2,1683.1,1261629
2021-04-26,1680.1,1700.8,1655.0,1671.1,1347350
2021-04-27,1674.1,1675.0,1620.0,1632.1,1476941
2021-04-28,1631.9,1631.9,1596.6,1620.5,1346655
2021-04-29,1628.0,1632.0,1575.3,1595.8,1402230
2021-04-30,1580.0,1588.0,1552.4,1566.1,1149246
2021-05-04,1589.9,1623.0,1582.4,1614.2,1572382
2021-05-05,1614.0,1638.1,1605.8,1636.0,1630364
2021-05-06,1588.9,1648.5,1581.6,1635.0,2271768
2021-05-07,1631.7,1685.0,1631.7,1662.3,2115838
2021-05-10,1672.0,1706.0,1663.1,1670.0,2108872
2021-05-11,1669.0,1685.5,1645.3,1677.8,1561574
2021-05-12,1685.0,1713.0,1666.0,1668.0,2723971
2021-05-13,1681.0,1690.3,1625.8,1647.2,2085429
2021-05-14,1662.0,1681.0,1649.5,1673.4,1029868
2021-05-17,1695.8,1724.9,1684.8,1718.4,1948202
2021-05-18,1727.0,1762.5,1723.4,1753.0,2661159
2021-05-19,1756.0,1787.3,1715.4,1756.9,3092142
2021-05-20,1757.0,1794.0,1754.9,1785.9,2707341
2021-05-21,1793.0,1801.5,1764.6,1775.1,2554918
2021-05-24,1788.8,1798.0,1777.7,1783.5,1322688
2021-05-25,1794.0,1795.0,1753.0,1789.9,1948795
2021-05-26,1796.0,1798.4,1769.0,1772.3,1976968
2021-05-27,1778.9,1807.0,1774.7,1790.4,9922511
2021-05-28,1789.7,1799.0,1738.2,1760.5,1494641
2021-05-31,1767.0,1790.0,1727.6,1746.6,891737
2021-06-01,1764.4,1802.0,1760.0,1775.9,2565920
2021-06-02,1767.0,1802.0,1753.0,1802.0,1680274
2021-06-03,1799.0,1800.0,1735.0,1748.4,2017932
2021-06-04,1758.6,1763.0,1706.4,1751.6,1421563
2021-06-07,1743.9,1744.0,1714.1,1739.3,909363
2021-06-08,1741.1,1743.0,1708.0,1712.4,1480862
2021-06-09,1710.2,1713.0,1686.0,1697.7,1362341
2021-06-10,1697.0,1712.0,1679.2,1709.7,1146453
2021-06-11,1720.0,1725.7,1691.1,1701.6,1412524
2021-06-14,1686.0,1692.8,1662.9,1679.2,1035153
2021-06-15,1681.9,1684.6,1667.5,1671.4,660565
2021-06-16,1679.0,1682.0,1645.6,1649.6,1168369
2021-06-17,1649.6,1649.9,1598.3,1611.0,1955114
2021-06-18,1611.1,1626.8,1586.6,1599.9,1941504
2021-06-21,1602.3,1626.6,1600.0,1625.9,940909
2021-06-22,1626.0,1639.9,1604.0,1632.0,1628036
2021-06-23,1635.8,1642.3,1622.0,1627.6,622274
2021-06-24,1625.0,1635.0,1619.1,1624.2,740730
2021-06-25,1631.2,1632.6,1620.2,1623.1,486806
2021-06-28,1623.1,1637.5,1618.8,1625.0,607884
2021-06-29,1625.6,1626.3,1575.1,1581.0,1371271
2021-06-30,1579.0,1600.0,1557.0,1598.2,1463606
2021-07-01,1598.9,1600.0,1576.0,1583.8,1247619
2021-07-02,1581.1,1619.0,1576.3,1615.8,987942
2021-07-05,1622.3,1624.6,1600.1,1608.9,792068
2021-07-06,1615.0,1638.0,1614.2,1617.1,1140219
2021-07-07,1631.3,1641.3,1619.1,1638.3,919977
2021-07-08,1634.0,1654.9,1621.1,1634.7,1152874
2021-07-09,1633.7,1636.1,1611.4,1622.0,814714
2021-07-12,1618.2,1638.9,1613.2,1636.9,641499
2021-07-13,1639.5,1640.9,1619.3,1632.8,686947
2021-07-14,1638.0,1652.7,1629.8,1642.3,679318
2021-07-15,1650.0,1666.0,1643.1,1664.0,770427
2021-07-16,1660.0,1665.0,1612.1,1616.8,1163688
2021-07-19,1605.0,1628.1,1588.3,1622.5,877592
2021-07-20,1630.0,1630.0,1590.0,1590.5,832666
2021-07-21,1594.1,1595.3,1547.6,1563.0,1105645
2021-07-22,1573.1,1573.1,1547.3,1569.0,727406
2021-07-23,1569.9,1569.9,1535.5,1546.8,602853
2021-07-26,1554.4,1563.8,1544.4,1557.6,602522
2021-07-27,1550.5,1554.2,1523.5,1540.0,1177010
2021-07-28,1540.0,1578.3,1538.8,1577.0,711935
2021-07-29,1580.1,1616.8,1579.0,1608.9,1308154
2021-07-30,1603.0,1606.7,1576.0,1592.4,1143463
2021-08-02,1590.0,1599.4,1574.8,1584.5,812904
2021-08-03,1580.0,1585.2,1565.7,1583.0,577866
2021-08-04,1590.7,1612.3,1585.5,1602.1,770246
2021-08-05,1598.4,1601.0,1577.0,1582.1,586501
2021-08-06,1585.4,1585.4,1545.3,1551.5,787994
2021-08-09,1545.0,1545.0,1514.4,1519.0,1189250
2021-08-10,1526.0,1529.8,1500.0,1511.5,1061586
2021-08-11,1515.0,1523.9,1500.5,1515.5,1308820
2021-08-12,1522.9,1542.0,1510.2,1519.9,1159365
2021-08-13,1524.4,1535.0,1513.0,1530.1,561901
2021-08-16,1524.0,1535.0,1524.0,1531.1,605638
2021-08-17,1531.1,1534.5,1515.1,1527.3,1193974
2021-08-18,1530.0,1536.0,1512.5,1515.5,1023883
2021-08-19,1514.0,1544.7,1504.0,1526.5,1203563
2021-08-20,1536.8,1545.9,1524.0,1533.9,786509
2021-08-23,1539.9,1547.2,1520.2,1541.5,718302
2021-08-24,1540.0,1561.5,1539.0,1550.0,870673
2021-08-25,1540.0,1551.2,1533.2,1542.9,575164
2021-08-26,1543.0,1548.6,1489.2,1502.8,2065159
2021-08-27,1508.1,1514.7,1489.2,1505.8,1652858
2021-08-30,1510.0,1510.0,1498.5,1502.0,778437
2021-08-31,1506.0,1506.8,1461.8,1472.5,3348885
2021-09-01,1472.5,1476.2,1447.0,1467.3,1857530
2021-09-02,1470.0,1470.0,1440.3,1447.8,1796281
2021-09-03,1450.0,1480.2,1445.8,1479.1,1782456
2021-09-06,1479.1,1488.0,1476.4,1486.9,813517
2021-09-07,1485.0,1486.4,1454.4,1458.0,1052309
2021-09-08,1464.7,1475.0,1448.0,1452.2,1559983
2021-09-09,1440.0,1440.4,1403.6,1405.8,2404457
2021-09-10,1415.0,1417.9,1387.0,1394.0,1565855
2021-09-13,1393.0,1395.8,1373.1,1392.7,1437911
2021-09-14,1393.7,1393.7,1365.0,1380.5,1961778
2021-09-15,1378.8,1380.3,1350.9,1357.0,1488756
2021-09-16,1350.0,1352.8,1320.5,1326.9,2008379
2021-09-17,1330.1,1362.8,1320.2,1331.2,2376865
2021-09-20,1330.1,1360.0,1320.6,1356.3,1968073
2021-09-21,1359.9,1359.9,1327.0,1331.0,1686172
2021-09-22,1332.0,1350.0,1325.4,1336.8,1214998
2021-09-23,1332.1,1337.3,1304.0,1307.9,1569926
2021-09-24,1313.8,1313.8,1291.6,1294.9,1153269
2021-09-27,1300.0,1304.8,1267.6,1279.9,1505452
2021-09-28,1273.0,1273.0,1227.5,1233.7,3356907
2021-09-29,1235.0,1250.9,1205.0,1211.0,2333427
2021-09-30,1213.9,1248.9,1199.6,1247.2,2532140
2021-10-01,1246.7,1246.7,1210.0,1218.1,1583877
2021-10-04,1213.1,1231.5,1208.8,1226.9,1367532
2021-10-05,1224.9,1242.0,1216.3,1236.1,1567396
2021-10-06,1237.3,1245.6,1221.1,1239.3,2356774
2021-10-07,1245.8,1268.0,1241.0,1253.2,1683278
2021-10-08,1258.0,1274.2,1240.0,1256.0,1683601
2021-10-11,1259.9,1259.9,1228.0,1234.0,1636508
2021-10-12,1240.1,1268.9,1235.2,1260.9,1761244
2021-10-13,1270.0,1314.5,1264.9,1314.5,3655529
2021-10-14,1314.9,1348.7,1300.2,1326.9,3448756
2021-10-15,1324.0,1324.6,1293.2,1304.5,2709824
2021-10-18,1319.0,1327.8,1305.4,1321.4,1993824
2021-10-19,1331.6,1355.8,1328.7,1347.0,2028135
2021-10-20,1355.0,1370.9,1345.5,1358.5,2318131
2021-10-21,1358.6,1368.0,1341.0,1351.8,1298303
2021-10-22,1359.4,1382.0,1355.0,1371.0,1974055
2021-10-25,1375.1,1382.0,1356.3,1367.7,1355479
2021-10-26,1359.4,1366.0,1312.1,1313.4,2328879
2021-10-27,1308.6,1339.8,1287.8,1333.9,1961494
2021-10-28,1335.8,1358.6,1332.9,1353.9,1663031
2021-10-29,1347.3,1349.6,1312.1,1317.0,1351405
2021-11-01,1323.1,1333.9,1305.6,1332.0,1068826
2021-11-02,1332.0,1342.1,1308.7,1316.9,1172409
2021-11-03,1315.0,1324.0,1300.2,1316.6,929171
2021-11-05,1325.0,1339.0,1303.5,1324.9,1566292
2021-11-08,1331.6,1350.0,1327.5,1349.3,1843351
2021-11-09,1350.2,1355.6,1336.0,1351.0,915316
2021-11-10,1343.0,1397.9,1340.0,1386.9,2655420
2021-11-11,1395.5,1448.8,1390.2,1440.7,3570688
2021-11-12,1431.5,1460.8,1417.0,1454.8,2617444
2021-11-15,1448.2,1468.0,1432.5,1454.0,1634648
2021-11-16,1461.0,1488.9,1443.0,1462.1,2233756
2021-11-17,1470.0,1481.5,1461.7,1469.8,997922
2021-11-18,1467.3,1476.5,1433.4,1442.1,1197575
2021-11-19,1451.0,1475.0,1434.9,1441.6,1647077
2021-11-22,1440.0,1445.0,1388.0,1404.5,2299742
2021-11-23,1398.9,1427.3,1363.7,1374.8,2298773
2021-11-24,1390.0,1390.9,1322.5,1340.6,2585610
2021-11-25,1347.0,1363.1,1330.5,1356.8,1064904
2021-11-26,1368.0,1406.4,1345.2,1371.7,2882745
2021-11-29,1382.7,1388.4,1328.3,1332.8,1800164
2021-11-30,1340.0,1394.5,1320.0,1356.8,4073698
2021-12-01,1370.4,1374.8,1333.4,1340.5,2071638
2021-12-02,1340.8,1341.5,1327.7,1331.9,1041807
2021-12-03,1335.1,1342.2,1314.5,1331.0,1119642
2021-12-06,1332.0,1337.0,1308.2,1311.4,902608
2021-12-07,1311.4,1321.4,1287.8,1300.5,1226690
2021-12-08,1303.0,1313.9,1250.8,1282.6,1166333
2021-12-09,1284.9,1299.8,1265.6,1282.9,1141922
2021-12-10,1288.6,1295.8,1258.0,1281.5,930151
2021-12-13,1281.5,1292.9,1243.5,1258.7,1467936
2021-12-14,1251.7,1256.0,1200.0,1241.0,1449355
2021-12-15,1236.5,1246.9,1216.5,1234.6,1304152
2021-12-16,1241.0,1261.2,1231.0,1260.1,2131028
2021-12-17,1262.0,1298.0,1261.7,1285.2,2055071
2021-12-20,1278.2,1315.0,1257.0,1268.7,1353494
2021-12-21,1267.7,1275.0,1250.0,1252.9,1505374
2021-12-22,1255.5,1269.3,1243.7,1263.3,835435
2021-12-23,1264.2,1276.8,1252.9,1268.1,1050272
2021-12-24,1270.0,1274.8,1260.1,1268.6,522559
2021-12-27,1268.6,1270.5,1253.2,1260.0,720606
2021-12-28,1258.3,1270.3,1255.2,1259.9,894187
2021-12-29,1259.9,1288.8,1256.2,1285.0,1306653
2021-12-30,1289.3,1313.4,1261.0,1311.9,1324797
2022-01-03,1313.5,1330.5,1291.3,1315.0,736345
2022-01-04,1311.1,1316.9,1294.4,1305.9,760110
2022-01-05,1307.0,1308.4,1261.1,1264.2,912571
2022-01-06,1263.1,1276.8,1238.5,1250.3,1403998
2022-01-10,1252.0,1262.6,1210.0,1227.0,1834069
2022-01-11,1217.5,1243.8,1217.5,1239.8,1337722
2022-01-12,1243.1,1255.0,1231.0,1253.6,1198236
2022-01-13,1254.7,1258.0,1237.7,1246.0,1621443
2022-01-14,1246.0,1261.2,1210.0,1223.6,1903383
2022-01-17,1223.8,1229.0,1195.5,1204.4,1125985
2022-01-18,1207.7,1209.0,1143.3,1173.9,2579804
2022-01-19,1180.0,1273.8,1145.0,1265.8,2619096
2022-01-20,1264.5,1311.1,1235.0,1285.6,2724023
2022-01-21,1280.0,1295.9,1257.1,1261.3,1661268
2022-01-24,1262.0,1282.3,1194.0,1236.3,2928344
2022-01-25,1236.3,1269.4,1213.0,1263.0,1769211
2022-01-26,1258.2,1274.5,1220.4,1222.9,1364794
2022-01-27,1205.0,1228.6,1140.0,1152.8,4787433
2022-01-28,1157.8,1168.5,1093.0,1102.1,4322485
2022-01-31,1094.7,1117.0,1094.4,1108.7,2696332
2022-02-01,1111.0,1137.0,1101.0,1119.5,2651230
2022-02-02,1120.0,1134.3,1108.1,1116.9,1118560
2022-02-03,1114.0,1117.9,1081.4,1095.2,1484925
2022-02-04,1096.2,1109.8,1072.0,1080.0,1820977
2022-02-07,1084.0,1092.0,1070.2,1084.0,1185817
2022-02-08,1084.0,1107.5,1077.0,1103.0,1569459
2022-02-09,1103.1,1113.8,1096.5,1108.0,2083569
2022-02-10,1109.2,1154.0,1098.1,1128.8,4242070
2022-02-11,1127.9,1153.3,1105.0,1130.0,2707577
2022-02-14,1134.1,1178.5,1112.0,1175.0,3651507
2022-02-15,1176.0,1190.0,1140.5,1163.2,3149859
2022-02-16,1167.0,1216.5,1148.5,1205.7,2897224
2022-02-17,1207.0,1257.9,1183.2,1239.2,4236161
2022-02-18,1238.6,1251.0,1214.5,1226.0,3024645
2022-02-21,1218.5,1237.9,1109.4,1109.4,5171059
2022-02-22,1125.1,1198.4,987.1,1195.0,4907548
2022-02-24,1150.0,1158.1,680.2,906.3,5197435
2022-02-25,847.2,1040.0,808.7,837.0,3356914
2022-03-29,850.0,1038.7,760.0,869.9,1789775
2022-03-30,910.1,939.4,880.0,908.0,595483
2022-03-31,920.0,980.0,910.1,973.0,655537
2022-04-01,975.8,999.0,954.0,969.5,505843
2022-04-04,980.0,990.0,913.3,975.0,412193
2022-04-05,975.0,984.0,920.0,955.1,330613
2022-04-06,945.1,964.0,933.1,940.1,212895
2022-04-07,939.0,947.0,890.0,904.6,335358
2022-04-08,904.0,921.0,880.0,904.1,221504
2022-04-11,905.1,950.0,904.6,925.0,372024
2022-04-12,940.0,954.5,921.8,936.7,526554
2022-04-13,920.0,936.7,910.0,918.7,251370
2022-04-14,919.0,920.0,857.5,867.6,337882
2022-04-15,867.6,873.7,840.0,854.8,244887
2022-04-18,855.0,903.0,849.0,854.7,394963
2022-04-19,858.0,869.7,810.0,840.0,348349
2022-04-20,840.0,854.6,821.0,836.7,203826
2022-04-21,836.7,847.2,825.0,832.6,140599
2022-04-22,836.0,836.9,772.0,775.0,305528
2022-04-25,771.0,771.8,687.0,700.0,897167
2022-04-26,700.0,729.0,680.0,698.0,839885
2022-04-27,705.0,744.4,691.2,729.8,636540
2022-04-28,745.7,765.7,706.2,707.0,480248
2022-04-29,707.8,734.4,706.8,721.5,233254
2022-05-04,724.0,743.3,700.0,700.0,181337
2022-05-05,770.0,770.0,700.9,705.8,267838
2022-05-06,710.0,711.2,690.0,691.0,201507
2022-05-11,690.0,711.0,687.0,696.0,212274
2022-05-12,701.6,704.0,658.3,659.5,306337
2022-05-13,660.0,668.5,642.0,649.0,258940
2022-05-16,651.0,653.0,642.0,646.0,189398
2022-05-17,649.1,663.4,644.0,646.9,273196
2022-05-18,650.0,655.0,642.2,643.7,284493
2022-05-19,648.6,648.6,621.1,627.0,379143
2022-05-20,630.0,632.5,597.0,604.0,414905
2022-05-23,608.5,608.9,568.2,569.2,394534
2022-05-24,570.0,570.0,525.0,546.8,501778
2022-05-25,546.7,559.0,532.8,550.0,220640
2022-05-26,555.0,577.6,551.9,567.0,373687
2022-05-27,576.9,579.0,559.0,567.2,250935
2022-05-30,567.4,574.1,543.2,548.9,223847
2022-05-31,550.5,585.0,531.2,564.1,439454
2022-06-01,565.8,582.1,558.4,569.7,262253
2022-06-02,573.6,579.9,555.0,558.6,215447
2022-06-03,560.0,568.4,498.0,505.0,1733925
2022-06-06,502.4,513.6,472.3,478.3,540020
2022-06-07,479.4,480.0,451.1,475.9,616887
2022-06-08,485.0,499.6,474.6,481.1,381497
2022-06-09,481.0,481.0,456.2,465.0,310133
2022-06-10,465.0,478.9,455.1,455.1,280671
2022-06-14,451.1,466.0,441.1,454.8,356850
2022-06-15,463.0,468.0,455.0,464.8,309136
2022-06-16,469.5,479.0,463.8,474.8,369737
2022-06-17,475.0,486.9,470.0,475.3,270606
2022-06-20,474.5,488.5,472.0,479.4,290093
2022-06-21,480.9,486.9,460.0,472.9,445250
2022-06-22,472.9,472.9,456.1,457.0,301391
2022-06-23,456.5,471.9,452.3,461.1,365767
2022-06-24,462.3,464.4,448.0,451.4,384026
2022-06-27,440.0,445.0,426.0,432.0,704362
2022-06-28,432.0,433.2,406.0,412.0,842167
2022-06-29,410.6,435.1,405.0,410.0,1001214
2022-06-30,413.9,418.6,372.0,377.5,1422492
2022-07-01,375.5,388.6,364.0,372.1,603219
2022-07-04,376.8,379.0,353.5,355.1,768229
2022-07-05,351.0,374.2,346.0,360.1,1152532
2022-07-06,361.9,380.6,352.1,354.4,1693787
2022-07-07,355.6,376.0,354.0,364.0,1890419
2022-07-08,365.0,373.5,357.7,363.4,862722
2022-07-11,366.6,373.0,359.4,362.2,901347
2022-07-12,363.0,364.9,330.3,341.4,1172313
2022-07-13,344.8,344.8,312.0,317.1,1678003
2022-07-14,315.2,327.5,300.1,310.0,946079
2022-07-15,309.9,319.7,306.1,310.5,587009
2022-07-18,319.0,322.9,308.0,309.1,690889
2022-07-19,308.9,341.2,300.2,321.8,2871358
2022-07-20,326.1,330.0,283.4,289.2,2581394
2022-07-21,289.0,289.0,251.0,255.0,3420940
2022-07-22,251.0,254.0,231.2,231.6,2324986
2022-07-25,227.2,258.0,211.1,255.5,5212211
2022-07-26,259.2,277.8,255.3,274.6,4494241
2022-07-27,276.2,283.7,260.0,269.3,1637532
2022-07-28,270.3,275.0,252.0,264.0,2219059
2022-07-29,265.0,272.0,257.1,270.0,2069892
2022-08-01,271.1,282.2,258.0,276.6,4640797
2022-08-02,280.0,281.5,268.0,273.9,1597276
2022-08-03,274.8,275.5,270.1,273.6,608881
2022-08-04,273.2,278.0,260.3,266.2,723476
2022-08-05,266.9,267.8,250.7,261.9,1100677
2022-08-08,268.0,271.0,264.1,267.7,523946
2022-08-09,268.8,269.8,263.1,267.8,490250
2022-08-10,268.5,324.8,266.6,324.0,4619498
2022-08-11,330.0,366.5,324.0,332.0,8384851
2022-08-12,332.5,346.2,317.0,334.5,2261897
2022-08-15,335.6,344.0,325.1,330.3,1081084
2022-08-16,332.0,367.5,330.1,365.9,2567251
2022-08-17,371.6,397.7,363.0,388.5,6035269
2022-08-18,389.9,389.9,373.2,380.7,2131578
2022-08-19,380.7,380.7,367.0,370.5,1675707
2022-08-22,359.0,370.5,352.1,362.6,1261425
2022-08-23,362.5,382.9,355.9,375.2,1593666
2022-08-24,379.4,379.4,370.5,371.5,617791
2022-08-25,372.2,382.4,371.8,374.1,781075
2022-08-26,379.8,379.9,374.1,377.5,425301
2022-08-29,377.5,388.0,377.5,382.0,613696
2022-08-30,383.9,390.0,353.0,371.8,1226346
2022-08-31,371.0,382.0,363.2,376.5,823805
2022-09-01,378.0,382.0,375.2,377.0,396394
2022-09-02,379.9,385.0,377.4,381.8,487239
2022-09-05,383.3,426.7,380.0,425.0,2851370
2022-09-06,428.2,428.3,382.1,400.8,3456551
2022-09-07,403.7,414.8,393.7,407.8,1165469
2022-09-08,410.0,411.9,400.8,406.0,602416
2022-09-09,405.2,411.6,403.2,405.6,584875
2022-09-12,404.1,424.4,404.1,415.9,1092664
2022-09-13,416.9,421.9,412.2,413.3,727416
2022-09-14,413.0,413.3,396.4,407.0,970805
2022-09-15,406.3,411.0,393.0,398.9,947265
2022-09-16,398.0,404.8,390.1,394.8,778487
2022-09-19,397.5,414.0,392.5,405.3,1195003
2022-09-20,408.0,408.0,316.7,358.7,4834713
2022-09-21,318.6,346.6,300.4,325.9,2403207
2022-09-22,308.0,324.8,285.4,288.8,7749202
2022-09-23,288.8,288.8,263.2,268.3,3690694
2022-09-26,262.0,264.5,220.0,240.9,4065764
2022-09-27,245.0,266.6,240.2,263.1,2474337
2022-09-28,262.0,269.8,242.1,253.5,2867383
2022-09-29,254.4,258.1,240.3,244.8,1355307
2022-09-30,244.8,251.0,231.5,250.9,2091011
2022-10-03,253.0,293.3,251.0,292.6,4130815
2022-10-04,295.0,306.0,280.2,287.7,3554795
2022-10-05,286.3,287.5,262.6,275.4,3457197
2022-10-06,275.2,283.0,269.4,271.9,1366140
2022-10-07,273.0,273.0,250.5,250.5,1811813
2022-10-10,235.0,259.6,231.7,247.8,2468038
2022-10-11,250.5,256.0,249.0,252.3,1591331
2022-10-12,253.9,259.5,249.3,250.9,1307822
2022-10-13,251.9,254.2,247.5,252.7,805986
2022-10-14,254.3,257.2,249.3,252.2,683567
2022-10-17,254.0,271.0,251.4,270.4,1702501
2022-10-18,270.7,279.0,262.0,263.4,2474916
2022-10-19,262.0,266.0,255.0,263.0,1249999
2022-10-20,264.4,270.9,260.2,263.9,1280099
2022-10-21,263.9,272.0,257.6,271.1,1527317
2022-10-24,275.0,276.2,266.6,269.4,1334566
2022-10-25,268.9,282.0,267.6,280.4,2135447
2022-10-26,282.5,287.8,275.1,284.6,1899104
2022-10-27,284.9,296.4,282.3,294.3,1893646
2022-10-28,291.8,295.8,286.2,293.5,1332525
2022-10-31,297.3,299.8,294.0,297.0,1001130
2022-11-01,299.0,299.0,295.0,295.6,586219
2022-11-02,296.0,297.1,277.2,283.2,1837530
2022-11-03,282.5,287.0,277.7,282.7,1097538
2022-11-07,288.0,296.1,286.4,296.0,1544168
2022-11-08,296.3,314.5,291.1,307.5,3139224
2022-11-09,307.7,325.0,302.9,314.0,4973139
2022-11-10,316.0,337.0,314.5,335.0,3145965
2022-11-11,340.0,340.0,326.6,333.7,2095068
2022-11-14,338.8,338.8,330.3,333.8,1123236
2022-11-15,335.4,347.6,305.6,323.7,4249045
2022-11-16,326.8,338.0,326.8,332.9,1796779
2022-11-17,332.8,337.2,323.5,330.0,1460251
2022-11-18,330.3,332.6,325.2,327.4,591836
2022-11-21,325.2,326.2,315.2,321.1,1424300
2022-11-22,321.1,333.9,318.4,331.4,1576010
2022-11-23,333.8,344.8,330.0,340.8,3622950
2022-11-24,342.0,350.5,341.1,345.2,2155188
2022-11-25,346.6,346.6,338.8,342.2,1457813
2022-11-28,339.2,344.0,331.0,341.5,1891381
2022-11-29,344.0,351.0,342.5,348.1,2448528
2022-11-30,349.9,357.9,346.7,356.9,2297264
2022-12-01,360.0,379.8,357.2,377.1,4505444
2022-12-02,378.0,382.6,368.2,375.1,4194701
2022-12-05,379.0,384.6,375.3,379.3,2709770
2022-12-06,379.0,379.0,372.1,375.1,1442288
2022-12-07,373.7,379.3,361.2,378.0,3226306
2022-12-08,377.0,379.0,370.6,374.0,1669976
2022-12-09,374.3,377.5,371.2,374.3,979440
2022-12-12,373.9,377.8,367.1,369.0,719350
2022-12-13,369.0,381.6,367.5,378.6,1882293
2022-12-14,379.7,382.0,369.0,375.4,1723880
2022-12-15,373.8,374.0,357.5,361.1,1716480
2022-12-16,360.0,364.9,351.0,358.7,1433459
2022-12-19,360.0,368.6,353.8,357.1,1176881
2022-12-20,357.1,380.4,357.1,377.1,2453861
2022-12-21,378.7,387.4,373.7,379.2,2463772
2022-12-22,381.0,384.3,370.0,372.7,1404674
2022-12-23,374.0,377.7,371.6,374.3,691435
2022-12-26,374.3,378.9,373.8,377.2,589291
2022-12-27,378.5,379.9,375.0,378.4,793618
2022-12-28,378.5,379.0,370.2,371.9,762011
2022-12-29,372.0,376.6,371.8,374.3,547561
2022-12-30,374.5,375.2,368.1,371.2,582037
2023-01-03,375.0,379.0,374.5,378.0,780312
2023-01-04,378.3,383.7,376.0,382.8,929775
2023-01-05,385.2,385.5,373.4,375.9,697002
2023-01-06,375.8,378.5,372.4,378.4,354445
2023-01-09,380.1,383.0,378.2,378.3,534084
2023-01-10,378.1,379.2,374.7,377.9,459462
2023-01-11,380.0,380.8,375.4,377.9,650876
2023-01-12,377.8,389.8,375.2,387.3,1877978
2023-01-13,388.4,404.6,385.0,403.0,2511542
2023-01-16,405.1,410.0,405.1,407.3,1250989
2023-01-17,405.9,405.9,390.2,400.3,1459866
2023-01-18,398.9,414.3,397.1,410.7,2004255
2023-01-19,410.4,414.2,400.5,406.5,1834818
2023-01-20,407.6,413.3,403.8,409.4,1131875
2023-01-23,412.0,420.0,410.7,418.7,1627006
2023-01-24,422.2,428.7,418.0,425.4,2285235
2023-01-25,427.0,452.6,425.8,451.9,7251678
2023-01-26,456.4,484.0,454.2,483.5,7567066
2023-01-27,484.0,488.3,463.2,467.1,5130260
2023-01-30,469.2,481.3,460.5,475.9,3333735
2023-01-31,475.0,481.9,468.1,476.0,2495682
2023-02-01,479.5,494.8,478.0,493.8,3641091
2023-02-02,495.0,524.4,493.7,513.3,7442251
2023-02-03,514.0,520.9,494.0,507.5,5860923
2023-02-06,508.4,519.1,505.0,515.5,2073819
2023-02-07,518.4,519.8,508.4,514.4,1983246
2023-02-08,516.0,526.4,512.6,520.6,2774516
2023-02-09,521.0,526.0,513.2,515.9,1779381
2023-02-10,512.0,515.8,504.4,513.7,1287008
2023-02-13,513.7,522.0,512.3,514.9,991124
2023-02-14,515.3,518.0,496.6,500.5,2284624
2023-02-15,492.2,494.6,448.1,465.8,7643145
2023-02-16,471.7,482.0,462.3,475.0,3535662
2023-02-17,467.5,478.5,462.0,473.2,2403724
2023-02-20,472.7,474.6,457.8,470.0,2722478
2023-02-21,469.5,496.4,469.4,487.8,4187121
2023-02-22,491.0,491.5,476.7,480.5,1775639
2023-02-24,480.6,484.7,477.8,480.8,927008
2023-02-27,470.0,492.3,469.9,489.0,1807463
2023-02-28,492.0,502.0,489.2,499.4,1962593
2023-03-01,503.3,511.9,502.0,510.1,2293310
2023-03-02,508.3,509.9,492.9,498.0,2702590
2023-03-03,500.0,508.2,500.0,506.8,1232217
2023-03-06,510.8,515.3,508.6,510.3,1007241
2023-03-07,511.4,511.4,500.3,506.8,1357927
2023-03-09,505.9,510.5,503.4,507.9,1100750
2023-03-10,507.0,510.7,504.0,508.2,1007830
2023-03-13,513.0,545.0,511.7,544.6,5888054
2023-03-14,544.7,563.6,538.5,550.0,7042360
2023-03-15,550.0,559.6,532.8,549.4,5287267
2023-03-16,550.5,551.0,527.4,534.8,4093623
2023-03-17,538.1,553.3,535.7,546.5,2949483
2023-03-20,555.1,561.0,548.7,551.5,2425129
2023-03-21,549.0,552.1,537.6,540.7,1335792
2023-03-22,540.5,558.9,536.0,557.5,2411532
2023-03-23,563.0,566.6,551.5,555.5,2310551
2023-03-24,554.8,562.6,544.4,556.6,1919333
2023-03-27,555.0,558.9,552.1,557.0,1084903
2023-03-28,557.3,567.5,553.3,564.2,1789642
2023-03-29,561.1,563.2,555.0,558.9,1166189
2023-03-30,560.8,567.5,558.1,565.5,1094184
2023-03-31,567.4,571.5,560.0,562.9,1530024
2023-04-03,560.0,568.7,557.0,565.2,1502499
2023-04-04,566.0,584.0,562.1,581.0,2223806
2023-04-05,581.0,592.6,576.1,586.4,2337020
2023-04-06,586.0,588.2,581.1,582.1,979840
2023-04-07,582.1,591.3,581.1,588.7,1252605
2023-04-10,590.0,626.9,588.5,626.2,3658976
2023-04-11,629.5,660.9,624.1,642.7,6953767
2023-04-12,647.9,655.0,641.5,648.3,1708058
2023-04-13,654.0,684.7,648.1,684.6,3928254
2023-04-14,690.0,691.8,670.6,678.4,4065994
2023-04-17,680.7,689.4,678.1,683.9,1832719
2023-04-18,685.0,687.0,670.2,683.4,1355142
2023-04-19,683.0,683.0,652.6,666.2,2355646
2023-04-20,668.2,677.4,653.4,672.4,1545196
2023-04-21,670.0,672.0,663.2,667.9,823907
2023-04-24,668.1,676.8,666.7,674.8,651872
2023-04-25,677.0,680.0,658.5,665.8,948520
2023-04-26,668.7,671.7,661.0,663.2,663811
2023-04-27,665.2,669.3,662.6,666.5,643836
2023-04-28,668.5,668.6,623.0,653.7,1866088
2023-05-02,650.0,659.0,631.4,646.6,1514196
2023-05-03,646.2,648.8,612.0,615.9,2225398
2023-05-04,616.0,650.0,616.0,650.0,2305968
2023-05-05,654.0,656.0,632.6,636.2,1553534
2023-05-08,636.0,644.4,631.2,635.1,527940
2023-05-10,639.0,688.9,639.0,682.7,4831479
2023-05-11,684.2,702.7,650.1,668.8,4958282
2023-05-12,674.5,679.6,662.9,673.1,1022579
2023-05-15,679.9,689.6,676.1,686.1,1080590
2023-05-16,688.5,688.5,672.5,676.9,1095181
2023-05-17,677.0,677.0,662.3,670.6,1096239
2023-05-18,670.0,670.4,652.7,655.1,926678
2023-05-19,655.1,657.0,573.8,617.6,11493590
2023-05-22,628.9,630.0,587.0,592.4,3917482
2023-05-23,590.7,590.8,557.3,568.8,6848081
2023-05-24,568.4,608.6,561.1,606.1,4752584
2023-05-25,608.7,608.7,581.0,586.2,2135170
2023-05-26,586.2,607.8,586.2,607.0,1740240
2023-05-29,610.0,639.8,607.9,634.8,3460452
2023-05-30,620.8,664.4,602.1,625.4,6717923
2023-05-31,625.8,636.6,608.1,625.9,3907011
2023-06-01,617.5,639.8,615.5,622.7,1958107
2023-06-02,627.0,628.8,613.7,617.7,1133379
2023-06-05,600.0,610.0,564.0,576.8,7131800
2023-06-06,575.2,577.2,546.0,572.2,4329175
2023-06-07,569.0,575.3,561.3,565.7,1606848
2023-06-08,565.5,569.9,558.0,559.8,1409025
2023-06-09,560.0,560.0,530.4,531.5,4792915
2023-06-13,522.2,556.5,516.0,550.1,5984330
2023-06-14,552.5,554.4,535.2,541.3,2928796
2023-06-15,539.9,540.0,528.3,538.0,2895421
2023-06-16,538.1,551.4,537.0,549.7,2886845
2023-06-19,552.7,560.0,543.8,548.7,2660895
2023-06-20,547.5,549.8,538.6,547.2,1700910
2023-06-21,547.2,555.0,543.3,553.0,1161596
2023-06-22,554.0,557.8,540.0,542.2,1546899
2023-06-23,538.9,543.4,528.0,535.0,2151995
2023-06-26,538.0,544.8,520.0,538.0,2233627
2023-06-27,538.0,539.0,531.7,535.4,806022
2023-06-28,535.0,536.2,528.0,536.0,817506
2023-06-29,530.0,533.8,525.1,529.7,935574
2023-06-30,529.5,531.1,517.4,523.4,1520475
2023-07-03,524.5,554.5,521.5,552.6,2620500
2023-07-04,552.6,553.7,539.0,542.0,2178418
2023-07-05,542.0,550.0,540.3,544.2,988852
2023-07-06,547.6,554.8,541.1,547.2,1375409
2023-07-07,546.9,559.3,544.5,558.1,1664466
2023-07-10,566.0,579.9,564.1,576.5,3887988
2023-07-11,580.0,586.2,573.2,581.2,2236570
2023-07-12,583.5,584.9,571.3,580.8,1236571
2023-07-13,583.4,583.9,570.4,575.9,1168355
2023-07-14,575.9,576.5,565.0,573.1,1260001
2023-07-17,569.1,583.0,568.0,579.1,1445314
2023-07-18,580.0,610.0,579.5,608.3,5485704
2023-07-19,611.0,623.0,598.2,603.3,5674986
2023-07-20,600.2,601.8,559.0,566.8,9588076
2023-07-21,563.7,576.0,543.3,563.4,3569441
2023-07-24,555.0,558.5,537.4,541.3,3076140
2023-07-25,542.0,595.0,541.3,556.4,2989247
2023-09-19,613.0,637.7,532.8,534.1,6574271
2023-09-20,529.0,542.0,499.1,527.4,2230856
2023-09-21,521.0,533.8,482.0,482.2,1689102
2023-09-22,482.3,539.5,475.6,524.3,2544683
2023-09-25,535.0,557.8,526.3,548.3,3552956
2023-09-26,544.8,551.9,522.2,528.4,1340860
2023-09-27,528.4,531.8,516.4,519.8,785625
2023-09-28,520.0,523.4,516.6,519.5,513156
2023-09-29,521.0,529.0,510.5,515.1,796083
2023-10-02,516.4,524.9,501.2,503.9,1089203
2023-10-03,505.6,505.9,492.4,502.0,942328
2023-10-04,500.5,503.0,495.0,500.3,389162
2023-10-05,500.8,504.4,496.0,499.9,416555
2023-10-06,500.3,502.4,495.4,501.5,472147
2023-10-09,503.9,529.0,502.8,525.7,1763303
2023-10-10,525.3,525.3,515.0,520.9,798249
2023-10-11,522.9,549.7,517.2,525.8,2498958
2023-10-12,524.0,541.6,520.0,537.5,1079368
2023-10-13,537.6,548.7,537.6,545.5,1228956
2023-10-16,549.2,564.8,546.0,561.0,1702399
2023-10-17,562.7,563.0,550.0,557.9,785236
2023-10-18,561.0,564.0,550.6,560.2,1059670
2023-10-19,561.7,574.3,556.0,571.8,1607187
2023-10-20,572.8,574.0,557.1,560.3,897611
2023-10-23,563.0,563.6,543.0,548.6,1045855
2023-10-24,547.0,549.8,538.3,545.7,725278
2023-10-25,547.0,557.6,541.1,549.5,715528
2023-10-26,552.5,558.5,541.1,543.0,730263
2023-10-27,545.4,550.3,530.6,547.3,801006
2023-10-30,551.0,557.7,545.1,547.7,711465
2023-10-31,550.7,560.8,524.2,538.3,2123773
2023-11-01,538.3,545.0,535.2,543.5,462984
2023-11-02,545.1,549.5,537.0,537.6,506895
2023-11-03,537.6,543.7,529.0,539.1,718727
2023-11-06,539.0,549.5,538.8,544.3,413149
2023-11-07,544.3,547.0,541.0,541.9,365489
2023-11-08,541.9,544.6,537.0,542.0,362492
2023-11-09,545.5,545.5,538.2,540.0,377576
2023-11-10,540.0,542.0,535.0,535.6,348431
2023-11-13,535.6,538.8,530.3,533.3,469258
2023-11-14,532.3,534.6,515.0,527.5,868501
2023-11-15,527.5,532.0,521.0,528.5,374333
2023-11-16,529.7,538.0,522.7,526.7,586525
2023-11-17,526.7,537.1,523.9,529.1,456164
2023-11-20,530.0,544.1,530.0,540.0,631257
2023-11-21,541.7,567.0,539.3,564.3,1853808
2023-11-22,566.0,573.8,557.0,559.4,1279480
2023-11-23,564.5,565.6,474.0,482.2,11292518
2023-11-24,480.0,480.8,391.2,395.5,13027013
2023-11-27,395.4,490.0,395.4,477.0,19412247
2023-11-28,484.0,540.0,458.1,514.4,18455096
2023-11-29,518.3,529.0,473.0,480.8,4813536
2023-11-30,480.2,497.0,461.4,475.8,3265365
2023-12-01,476.0,491.8,468.0,484.2,1976550
2023-12-04,488.0,506.6,484.8,492.3,2304127
2023-12-05,495.4,511.0,493.3,504.9,1732875
2023-12-06,505.9,509.6,495.0,502.0,1230136
2023-12-07,500.0,512.0,500.0,510.1,1120057
2023-12-08,514.0,515.0,495.1,500.0,1314054
2023-12-11,490.0,510.0,481.7,497.6,1655387
2023-12-12,499.7,503.0,493.3,495.5,646574
2023-12-13,486.2,503.8,485.0,502.6,694658
2023-12-14,505.0,508.0,495.0,498.6,688316
2023-12-15,498.5,506.0,488.3,498.6,750094
2023-12-18,498.6,510.4,497.4,504.6,702769
2023-12-19,503.3,511.5,496.1,506.9,596801
2023-12-20,508.4,509.7,503.2,504.8,473707
2023-12-21,504.8,541.3,502.6,530.4,3865773
2023-12-22,534.8,546.0,530.0,537.8,1296638
2023-12-25,537.0,548.4,537.0,540.0,630373
2023-12-26,545.0,546.8,520.1,529.0,686653
2023-12-27,529.0,530.2,508.0,512.6,897285
2023-12-28,514.2,519.4,505.1,505.1,495362
2023-12-29,505.6,514.0,505.0,506.1,427683
2024-01-03,507.9,515.0,506.3,513.3,170122
2024-01-04,514.7,514.7,506.0,510.6,217381
2024-01-05,511.6,512.1,508.0,510.7,145744
2024-01-08,511.3,516.0,509.0,511.3,239323
2024-01-09,514.0,517.3,509.2,513.2,271701
2024-01-10,513.3,522.0,512.1,516.3,312853
2024-01-11,516.3,518.8,508.6,511.5,370242
2024-01-12,513.5,515.8,507.8,511.5,554749
2024-01-15,513.0,514.6,509.0,510.2,286651
2024-01-16,510.3,513.5,504.3,511.8,471216
2024-01-17,512.0,513.5,509.5,512.4,397015
2024-01-18,510.8,516.0,509.0,509.6,440173
2024-01-19,510.0,510.9,495.6,506.2,719218
2024-01-22,506.0,508.7,500.5,501.7,259774
2024-01-23,502.0,506.5,499.0,500.4,436186
2024-01-24,501.0,502.2,499.3,500.1,273982
2024-01-25,501.3,505.8,494.1,501.1,279050
2024-01-26,501.4,502.4,494.9,498.4,297304
2024-01-29,500.2,505.4,492.6,499.0,641151
2024-01-30,498.5,502.0,493.0,496.4,424930
2024-01-31,496.4,498.3,468.6,474.4,2565930
2024-02-01,474.5,476.9,457.7,461.0,1535857
2024-02-02,461.0,468.9,453.0,464.0,779250
2024-02-05,465.0,469.5,461.0,465.4,423136
2024-02-06,466.4,467.0,462.2,464.3,293471
2024-02-07,464.0,468.9,462.4,466.9,429201
2024-02-08,473.9,481.8,463.2,468.0,1086549
2024-02-09,469.9,471.0,457.7,462.0,413288
2024-02-12,464.2,464.7,448.0,449.0,675334
2024-02-13,450.0,454.7,448.5,450.3,387272
2024-02-14,451.5,454.0,449.0,450.9,250060
2024-02-15,451.0,454.6,447.0,449.5,410914
2024-02-16,450.9,451.7,435.4,441.1,651612
2024-02-19,444.0,444.9,395.2,399.5,5929376
2024-02-20,394.6,399.0,363.4,368.9,7140489
2024-02-21,368.7,368.9,336.0,352.0,7333746
2024-02-22,370.8,405.7,346.0,349.1,5635467
2024-02-26,350.0,359.9,341.1,353.2,1480474
2024-02-27,354.9,355.0,345.1,349.2,932143
2024-02-28,350.0,365.0,345.0,361.4,1698043
2024-02-29,361.4,377.6,351.4,354.0,2899961
2024-03-01,354.0,358.8,350.0,355.2,566047
2024-03-04,354.9,373.4,354.3,370.0,1938552
2024-03-05,370.0,376.0,359.1,360.4,1482977
2024-03-06,360.4,363.8,356.3,359.8,656790
2024-03-07,359.0,361.9,347.1,349.1,1182062
2024-03-11,350.5,361.7,350.5,356.1,1579711
2024-03-12,357.2,359.5,350.0,352.0,680249
2024-03-13,352.1,354.3,350.1,352.8,466620
2024-03-14,353.4,353.4,347.0,350.5,431118
2024-03-15,350.5,352.1,346.9,347.0,599223
2024-03-18,349.4,349.4,338.0,338.8,1094702
2024-03-19,338.4,339.7,332.2,333.8,742292
2024-03-20,333.2,341.8,330.6,340.6,849335
2024-03-21,341.9,343.5,330.8,332.5,904759
2024-03-22,333.0,334.0,322.2,325.8,669537
2024-03-25,326.0,328.8,323.0,327.2,380048
2024-03-26,327.0,339.8,327.0,330.9,835340
2024-03-27,331.2,331.6,319.5,320.5,742841
2024-03-28,320.7,321.9,304.0,307.5,1317136
2024-03-29,307.0,320.0,306.3,309.1,1029293
2024-04-01,309.1,325.0,306.4,320.2,932949
2024-04-02,320.2,340.0,320.2,330.9,1366526
2024-04-03,331.3,349.7,331.3,346.5,1094592
2024-04-04,346.5,346.6,331.7,332.9,566246
2024-04-05,332.9,341.6,332.2,337.2,364066
2024-04-08,340.0,345.0,330.1,334.0,600098
2024-04-09,336.8,336.8,325.0,327.2,505805
2024-04-10,328.7,332.0,325.1,325.7,268648
2024-04-11,326.0,329.8,323.6,327.7,362823
2024-04-12,328.0,345.0,326.8,328.1,1977775
2024-04-15,330.0,333.8,326.0,328.7,387549
2024-04-16,328.9,340.0,326.5,328.7,997542
2024-04-17,331.6,335.0,328.5,330.8,596693
2024-04-18,332.0,335.5,328.2,329.7,405353
2024-04-19,330.7,331.0,326.5,326.7,327896
2024-04-22,327.5,330.2,319.9,321.0,619553
2024-04-23,321.1,322.4,316.6,319.1,422609
2024-04-24,319.4,328.5,318.2,323.6,647639
2024-04-25,323.7,326.0,320.0,320.7,387514
2024-04-26,322.0,324.8,317.2,318.8,282982
2024-04-29,317.4,324.5,316.5,319.7,250890
2024-04-30,319.7,322.0,315.8,316.1,267529
2024-05-02,316.5,321.5,314.4,315.5,319266
2024-05-03,315.9,324.9,314.7,316.5,427505
2024-05-06,316.8,323.6,316.8,318.0,564403
2024-05-07,318.1,320.8,314.0,315.6,309445
2024-05-08,316.0,319.8,314.8,315.3,401372
2024-05-10,316.7,322.5,316.7,319.5,729061
2024-05-13,319.5,319.8,315.7,316.9,272689
2024-05-14,316.3,318.0,314.6,315.4,218088
2024-05-15,315.4,322.3,314.7,317.7,874866
2024-05-16,318.0,318.2,315.2,315.9,197390
2024-05-17,316.1,317.7,314.5,314.5,304936
2024-05-20,315.3,320.0,305.0,307.3,900595
2024-05-21,307.3,308.9,295.1,300.6,796974
2024-05-22,300.6,305.9,299.0,301.3,214761
2024-05-23,301.3,301.8,290.6,292.2,494230
2024-05-24,292.2,294.2,280.4,282.3,471178
2024-05-27,285.2,285.2,265.0,265.5,959543
2024-05-28,265.5,280.3,263.8,270.9,648405
2024-05-29,270.7,275.0,265.0,267.8,620652
2024-05-30,267.8,270.0,248.4,253.6,880328
2024-05-31,253.6,259.9,240.0,246.9,948247
2024-06-03,247.9,266.9,247.7,259.7,1657888
2024-06-04,259.8,263.0,249.5,253.9,922462
2024-06-05,253.9,259.5,251.7,255.1,949195
2024-06-06,255.7,260.8,255.7,258.0,497366
2024-06-07,260.0,261.9,256.3,257.0,468677
2024-06-10,258.4,276.9,257.7,269.9,1030894
2024-06-11,270.1,274.9,251.3,260.0,1374244
2024-06-13,256.7,269.9,250.8,260.9,805981
2024-06-14,260.2,266.0,260.0,260.2,335244
2024-06-17,263.8,264.1,257.0,257.4,262476
2024-06-18,257.2,260.2,253.1,255.4,413207
2024-06-19,255.5,256.6,243.1,247.1,341831
2024-06-20,244.5,255.5,244.2,249.1,425858
2024-06-21,249.5,256.4,248.4,250.1,423185
2024-06-24,251.3,255.7,248.6,251.5,225816
2024-06-25,224.7,236.7,182.8,211.3,10040496
2024-06-26,211.3,218.5,211.3,214.6,1696673
2024-06-27,215.0,219.0,210.2,216.5,961772
2024-06-28,215.7,216.8,214.0,215.5,438208
2024-07-01,215.3,215.6,212.1,215.5,426575
2024-07-02,215.0,215.4,203.0,204.0,972953
2024-07-03,203.3,210.7,199.1,204.9,1312002
2024-07-04,204.2,206.8,203.0,203.4,446480
2024-07-05,203.5,204.9,198.4,201.3,496740
2024-07-08,198.0,208.0,197.0,204.9,692073
2024-07-09,204.3,204.9,199.2,200.0,563619
2024-07-10,199.5,201.6,196.8,197.5,603272
2024-07-11,196.4,206.4,195.1,204.0,678556
2024-07-12,203.0,205.7,201.3,203.6,209444
2024-07-15,204.2,212.0,203.4,210.7,566119
2024-07-16,210.0,211.6,206.4,211.0,303512
2024-07-17,210.3,211.5,205.3,208.0,247183
2024-07-18,208.0,210.7,203.4,208.7,557017
2024-07-19,208.5,208.7,205.6,205.6,248079
2024-07-22,205.0,205.8,202.0,202.4,288280
2024-07-23,202.3,210.0,200.3,207.0,441063
2024-07-24,206.0,234.0,206.0,217.2,2227500
2024-07-25,217.9,224.5,212.0,215.6,944513
2024-07-26,215.6,220.4,211.4,213.1,690484
2024-07-29,211.9,218.4,210.9,215.0,449898
2024-07-30,213.5,230.7,213.1,219.0,720372
2024-07-31,219.4,223.8,215.5,218.6,758198
2024-08-01,220.1,227.8,218.1,221.0,600992
2024-08-02,221.0,222.2,215.0,215.0,422596
2024-08-05,214.9,224.6,210.6,215.1,486527
2024-08-06,215.2,225.0,215.2,222.5,413862
2024-08-07,222.7,229.0,215.7,226.1,785757
2024-08-08,226.1,229.6,217.6,224.8,526262
2024-08-09,224.8,227.7,221.5,226.4,315123
2024-08-12,227.0,229.9,224.2,225.4,458735
2024-08-13,225.4,232.0,224.8,228.3,593696
2024-08-14,227.9,231.1,225.1,226.6,296754
2024-08-15,225.9,236.4,223.6,229.6,791973
2024-08-16,229.0,230.0,226.8,227.0,221340
2024-08-19,228.7,234.7,226.1,230.0,474555
2024-08-20,231.0,231.0,227.5,228.8,149945
2024-08-21,228.5,233.3,228.5,233.2,307076
2024-08-22,233.2,239.9,228.1,232.3,766358
2024-08-23,230.6,235.8,230.6,233.0,324212
2024-08-26,235.4,244.5,231.0,237.1,546617
2024-08-27,236.5,238.8,234.0,235.0,294784
2024-08-28,235.0,236.9,229.3,232.4,461414
2024-08-29,230.1,239.3,230.1,236.6,398599
2024-08-30,236.0,244.8,235.7,238.3,652137
2024-09-02,237.9,239.1,236.5,238.0,315362
2024-09-03,236.3,238.6,235.6,236.6,514651
2024-09-04,235.9,237.2,235.7,236.9,337077
2024-09-05,235.8,242.3,232.2,241.1,439720
2024-09-06,239.2,248.0,239.2,244.2,391642
2024-09-09,236.1,244.5,235.0,241.7,647423
2024-09-10,241.6,248.5,241.3,245.3,569827
2024-09-11,244.6,250.8,244.0,250.8,840736
2024-09-12,249.7,251.0,245.4,248.1,419412
2024-09-13,245.3,257.0,245.3,252.0,654439
2024-09-16,249.0,266.1,248.0,264.7,940610
2024-09-17,263.6,280.5,257.9,275.5,909407
2024-09-18,274.0,280.0,270.1,272.2,1014253
2024-09-19,270.0,278.5,261.2,261.4,1587921
2024-09-20,258.1,280.3,255.1,256.1,1759512
2024-09-23,253.0,272.4,240.0,270.0,2789087
